,liquidity,somm_user_address,pool
0,2890272937404,0x2d8eac24e31e260ced8e2a115fffe5542584ee47,0x0d4a11d5eeaac28ec3f61d100daf4d40471f1852
1,2867853253037456384,0x8a4b89d76a1a745a4a1adebd3793253fba0adadc,0x99dfde431b40321a35deb6aeb55cf338ddd6eccd
2,12136874034007678976,0x8a4b89d76a1a745a4a1adebd3793253fba0adadc,0x819f3450da6f110ba6ea52195b3beafa246062de
3,11696943546540394496,0x8a4b89d76a1a745a4a1adebd3793253fba0adadc,0x819f3450da6f110ba6ea52195b3beafa246062de
4,11576292953803997184,0x83334ef0c6f6396413c508a7762741e9fd8b20e9,0x05f04f112a286c4c551897fb19ed2300272656c8
5,382541835951488576,0xf7e83ef8d92e87c004e69e9b72db18b71badf9da,0x85cb0bab616fe88a89a35080516a8928f38b518b
6,662713577802436608,0x1ab83223ee734ea5151e345841c4cfdd34c67d3c,0x46af8ac1b82f73db6aacc1645d40c56191ab787b
7,662619176254332928,0x1ab83223ee734ea5151e345841c4cfdd34c67d3c,0x46af8ac1b82f73db6aacc1645d40c56191ab787b
8,1319202965452353280,0x53797a73169c9cec4b573db7139703152fe9e41d,0x46af8ac1b82f73db6aacc1645d40c56191ab787b
9,7870200139112018944,0x1ab83223ee734ea5151e345841c4cfdd34c67d3c,0x1273ad5d8f3596a7a39efdb5a4b8f82e8f003fc3
10,4708558457236206592,0x1ab83223ee734ea5151e345841c4cfdd34c67d3c,0xe7607a563105f7dba8beb87ad7f5b3a9ec793958
11,4232357424873804800,0xead9d46a1601c7f09f3f0186010736b32e668a90,0x659a9a43b32bea6c113c393930a45c7634a242d5
12,1729357579847923968,0xead9d46a1601c7f09f3f0186010736b32e668a90,0x2999528824a1a839d9af5cfead053236be675984
13,1506486454634404864,0x1ab83223ee734ea5151e345841c4cfdd34c67d3c,0x3fd4cf9303c4bc9e13772618828712c8eac7dd2f
14,528168854202401408,0x1ab83223ee734ea5151e345841c4cfdd34c67d3c,0xd583d0824ed78767e0e35b9bf7a636c81c665aa8
15,5175369317368107008,0x9441223797c55f5df7bfa4d60f35a84eecc7e535,0x146d3401b6a41122bd318ba676a01c44cb0795e2
16,262542264488974880,0x1ab83223ee734ea5151e345841c4cfdd34c67d3c,0x146d3401b6a41122bd318ba676a01c44cb0795e2
17,552451629590991104,0xc60debaa978d0c215c37859f8b59b07910afe807,0x146d3401b6a41122bd318ba676a01c44cb0795e2
18,1664362522103,0x1ab83223ee734ea5151e345841c4cfdd34c67d3c,0xcc3d1ecef1f9fd25599dbea2755019dc09db3c54
19,24110930056843579392,0x6283511fc53c60c0a0a1848ac88ff46b5d2496ea,0xc60c479f3cc66f1654a4113f4949c98ce77a9995
20,2775348816871587,0xb6631e52e513eee0b8c932d7c76f8ccfa607a28e,0x73e02eaab68a41ea63bdae9dbd4b7678827b2352
21,14636924096746401792,0x4b85c3f0e56ba18714a966c4f56e08c413070904,0xd583d0824ed78767e0e35b9bf7a636c81c665aa8
22,278149275151794336,0xb6631e52e513eee0b8c932d7c76f8ccfa607a28e,0x2999528824a1a839d9af5cfead053236be675984
23,10915564418445688832,0x803d4d168976f40d1f5b561bc831effa8289e732,0x570febdf89c07f256c75686caca215289bb11cfc
24,6470905906395640832,0x42d4c197036bd9984ca652303e07dd29fa6bdb37,0x570febdf89c07f256c75686caca215289bb11cfc
25,620297297545785856,0x53797a73169c9cec4b573db7139703152fe9e41d,0x6c8a55f67a7a6274d11e20bde30ee45049bdb570
26,141220291469696848,0x53797a73169c9cec4b573db7139703152fe9e41d,0xcd6bcca48069f8588780dfa274960f15685aee0e
27,5152590276997593088,0x0e73925a42ca5b6c3398f8e92e0dcda52a6aa12e,0x570febdf89c07f256c75686caca215289bb11cfc
28,35930612798689484800,0xb4ee72588b1bfb467d6693b63970cd4346d4eff5,0x0f9768ee0914c48f65234cf10e8aeb6028c8426c
29,104388891432958096,0x9f5141e8715c6691e75188bda726df54c14721e4,0x80a0102a1e601c55fd3f136128bb2d222a879ff3
30,25870482233212166144,0xe55c69cfd20cfa25651c72b84383de6104104eb4,0x05f21e62952566cefb77f5153ec6b83c14fb6b1d
31,285380556754707136,0x4acb6af365d95a66a7433ad05458ecd9bb9761e2,0xcd6bcca48069f8588780dfa274960f15685aee0e
32,2145956096324,0x5ba2650bea9c748e86824448fa2f046104d13b02,0xb4e16d0168e52d35cacd2c6185b44281ec28c9dc
33,1317384978735097856,0xd39685f17e94662b831e3a2a7b9c633c29b46ce3,0x2999528824a1a839d9af5cfead053236be675984
34,148582285499828128,0xe6ea861295af4e0d0d7f331c7b950f7da3a9d265,0xcd6bcca48069f8588780dfa274960f15685aee0e
35,5658934626379993088,0x17ccdda3914ab73f480feea2eca6381c2ce6d4b9,0xcfb8cf118b4f0abb2e8ce6dbeb90d6bc0a62693d
36,62196890753940192,0x68575571e75d2cfa4222e0f8e7053f056eb91d6c,0x73e02eaab68a41ea63bdae9dbd4b7678827b2352
37,33045567358688858112,0xe855e6c1a63ba5a3f0b3737cd56690e16bea4f31,0x659a9a43b32bea6c113c393930a45c7634a242d5
38,65964078730450392,0x8c254640d1b9d27bf58bf6f6878d1c2647b4e5e7,0x73e02eaab68a41ea63bdae9dbd4b7678827b2352
39,157585191649320271872,0x817c6e2d3ab3ab9210a19ea47b24c523750eadc5,0xe6f19dab7d43317344282f803f8e8d240708174a
40,18372060961929433088,0x817c6e2d3ab3ab9210a19ea47b24c523750eadc5,0x659a9a43b32bea6c113c393930a45c7634a242d5
41,42104448441840033792,0x3e025504b92babf4bbbc20cbb28f2d04c1608247,0x570febdf89c07f256c75686caca215289bb11cfc
42,2054992944987177216,0x722e895a12d2a11be99ed69dbc1fedbb9f3cd8fe,0x570febdf89c07f256c75686caca215289bb11cfc
43,648561900994530176,0x6a5dbf2fb5206ec8192620810c3edb6d5e62b188,0x73e02eaab68a41ea63bdae9dbd4b7678827b2352
44,51608362443161255936,0x7adc457434e8c57737ad2ace768a863865f2aabc,0xb8172076ceb35b6701f96eb9088818efc010bd44
45,15483550390592690176,0xbe478151e2070b9d468de42ebf34275a9f35bf32,0x6d7b6dad6abed1dfa5eba37a6667ba9dcfd49077
46,636852904544694912,0xb736828404596f5a69c828996397ba629efb9cdb,0x73e02eaab68a41ea63bdae9dbd4b7678827b2352
47,15517867886016571392,0xf1846a6b331e2746e4a8ce2d792e7b385393f6f0,0xa2107fa5b38d9bbd2c461d6edf11b11a50f6b974
48,10345666841079539712,0x514e9525fa9681b651d6b83a57577de7f9ad8a9a,0x73e02eaab68a41ea63bdae9dbd4b7678827b2352
49,4511385128069366272,0x16c731c75a743a1b487b7914ef44b2f415707a5f,0x73e02eaab68a41ea63bdae9dbd4b7678827b2352
50,5809797171272751104,0x16c731c75a743a1b487b7914ef44b2f415707a5f,0x73e02eaab68a41ea63bdae9dbd4b7678827b2352
51,5571113153775832064,0x6a5dbf2fb5206ec8192620810c3edb6d5e62b188,0x73e02eaab68a41ea63bdae9dbd4b7678827b2352
52,3037453662243489792,0x68114744a3c5e364b12c154300693642491696a7,0x73e02eaab68a41ea63bdae9dbd4b7678827b2352
53,1106511644751878912,0x693e608eb4e1ecb3107aa628f0b4f867eebbaa16,0xac317d14738a454ff20b191ba3504aa97173045b
54,7225979510394256384,0x6caa5c6b9b690879bb229e6b19cb2b755c4efe5b,0x570febdf89c07f256c75686caca215289bb11cfc
55,616795783944315008,0xc508da4522783b3b65233760b5001cf9fa0f2d3d,0x73e02eaab68a41ea63bdae9dbd4b7678827b2352
56,640945393157864576,0xff274170fef74eb2f181f900c3f14978a5c6a35a,0x73e02eaab68a41ea63bdae9dbd4b7678827b2352
57,660336801843057920,0x97af0f60c1894bf63b440300ddf6b18102f22341,0x146d3401b6a41122bd318ba676a01c44cb0795e2
58,129936011897646976,0xf9107317b0ff77ed5b7adea15e50514a3564002b,0x73e02eaab68a41ea63bdae9dbd4b7678827b2352
59,635969745268475264,0x61751bc401f4eabe10a238661b4a60ba84910059,0x73e02eaab68a41ea63bdae9dbd4b7678827b2352
60,65830044980082224,0xd6ff2fb2a0c3954aa55ea2e7014ae6ee95313e73,0x73e02eaab68a41ea63bdae9dbd4b7678827b2352
61,1305302969761389568,0x6283511fc53c60c0a0a1848ac88ff46b5d2496ea,0x73e02eaab68a41ea63bdae9dbd4b7678827b2352
62,1102149104573005696,0x8a4b89d76a1a745a4a1adebd3793253fba0adadc,0x570febdf89c07f256c75686caca215289bb11cfc
63,601830729910942080,0x1ab83223ee734ea5151e345841c4cfdd34c67d3c,0xcd6bcca48069f8588780dfa274960f15685aee0e
64,3324015290844615680,0x020cb5a75c25eeab93647f0fa973b4c6f5f5c238,0x73e02eaab68a41ea63bdae9dbd4b7678827b2352
65,108227055741159,0x1ab83223ee734ea5151e345841c4cfdd34c67d3c,0x64c29aac69d3122f6e5531ceca1b753f95350af4
66,35031968582018666496,0x803d4d168976f40d1f5b561bc831effa8289e732,0xc8ca3c0f011fe42c48258ecbbf5d94c51f141c17
67,15598885878091966464,0x5136cdfc4d2b1a74774f5137095f82f88af5ec99,0xc8ca3c0f011fe42c48258ecbbf5d94c51f141c17
68,13712594178868779008,0x6caa5c6b9b690879bb229e6b19cb2b755c4efe5b,0xc8ca3c0f011fe42c48258ecbbf5d94c51f141c17
69,1414273496876694784,0x7553fa99ab1f429551eec660708c08e14e30584f,0x73e02eaab68a41ea63bdae9dbd4b7678827b2352
70,311846111700331648,0x2ada82c15e4101b9a92dcb6676a28a714d6d3c5e,0x73e02eaab68a41ea63bdae9dbd4b7678827b2352
71,23025135057732091904,0x0d24f692c05036602076b3f51242b5a34c55ee38,0x11b1f53204d03e5529f09eb3091939e4fd8c9cf3
72,2193435232317,0x76c975477046b139aa77d3dc12ec48dcb2f520b3,0xb4e16d0168e52d35cacd2c6185b44281ec28c9dc
73,246254946155177764192256,0x803d4d168976f40d1f5b561bc831effa8289e732,0x811beed0119b4afce20d2583eb608c6f7af1954f
74,53213760822663847936,0x803d4d168976f40d1f5b561bc831effa8289e732,0x659a9a43b32bea6c113c393930a45c7634a242d5
75,244618871732719255552,0xbb030a0408edc41f3c61ba3f132c06e93eda68f4,0x659a9a43b32bea6c113c393930a45c7634a242d5
76,142330192805253988352,0x05e362bef8c3519a945a65e187e052e23613902c,0x659a9a43b32bea6c113c393930a45c7634a242d5
77,971903180488654720,0xe5a8654631b3729f73ca3503ba09a5d3e11b46da,0x73e02eaab68a41ea63bdae9dbd4b7678827b2352
78,160821864214491904,0xf627e5f4bad95a956468d8bb6ee20b119f992e96,0x27fd0857f0ef224097001e87e61026e39e1b04d1
79,889319780872941338624,0x803d4d168976f40d1f5b561bc831effa8289e732,0x478893fcbfffc3283fece2a216229e1c34093980
80,6423487987054872576,0xa21dc5f85914834819102e889e622c027db65ba4,0xc60c479f3cc66f1654a4113f4949c98ce77a9995
81,1985731193999893987328,0x4085e9fb679dd2f60c2e64afe9533107fa1c18f2,0x478893fcbfffc3283fece2a216229e1c34093980
82,2738224553186694791168,0x4085e9fb679dd2f60c2e64afe9533107fa1c18f2,0x478893fcbfffc3283fece2a216229e1c34093980
83,4443965278857807360,0x4085e9fb679dd2f60c2e64afe9533107fa1c18f2,0x73e02eaab68a41ea63bdae9dbd4b7678827b2352
84,76193056612008240,0x5b4672cffee5e64a2a7d17c157abdb4edffbe3df,0x3fd4cf9303c4bc9e13772618828712c8eac7dd2f
85,352247332590823669760,0x429a635ed4daf9529c07d5406d466b349ec34361,0x478893fcbfffc3283fece2a216229e1c34093980
86,145174058635842093056,0x5c268ac0e831236011a583f288c26aadfe9f0225,0x478893fcbfffc3283fece2a216229e1c34093980
87,1973414321042641920,0x0fd1035b4135c1747133e3c8ede600b5c3ff5485,0x659a9a43b32bea6c113c393930a45c7634a242d5
88,164729592256926416896,0x5b63af43e882f6c0061195f1040b769e0dd1e21f,0x478893fcbfffc3283fece2a216229e1c34093980
89,66820517163599347712,0xee6ce216cee9744bdc64cfb1c901d923d703b539,0x478893fcbfffc3283fece2a216229e1c34093980
90,15310198688754329600,0x83334ef0c6f6396413c508a7762741e9fd8b20e9,0x3fd4cf9303c4bc9e13772618828712c8eac7dd2f
91,3316558228043358208,0x50a511bce2043f2eb8c8717152eb4a22dc888726,0x478893fcbfffc3283fece2a216229e1c34093980
92,25551908104028348416,0xc90923827d774955dc6798fff540c4e2d29f2dbe,0xc8ca3c0f011fe42c48258ecbbf5d94c51f141c17
93,18301914781164771328,0xe88f42474046183f2367066cd940e74ded8085fe,0xb8172076ceb35b6701f96eb9088818efc010bd44
94,137389935748734238720,0x48ddb4018ddc4b2d828799a9593e3cb4d69f9e1b,0x478893fcbfffc3283fece2a216229e1c34093980
95,1202346875102205,0x9927d618fadb02afff86a8ea7a2427a53182b711,0xc8ca3c0f011fe42c48258ecbbf5d94c51f141c17
96,141719652544370196480,0xc74f56547cc2490cb54d049a8e2f277042d2a625,0x478893fcbfffc3283fece2a216229e1c34093980
97,849320271156679296,0x53797a73169c9cec4b573db7139703152fe9e41d,0x46af8ac1b82f73db6aacc1645d40c56191ab787b
98,245574632577263599616,0x1c5507310813a07c68f243960650380669450710,0x2d9fd51e896ff0352cb6d697d13d04c2cb85ca83
99,35774221102216183808,0x803d4d168976f40d1f5b561bc831effa8289e732,0x974bfcc7b25f979950b58ce0cf8d9c621a9c771e
100,62866621370688765952,0x787b4b7ffef8eddad54f311039acf4c36fec9593,0x51c1d5cdf10dda49219054920c22c8d4a23eed89
101,9749342317456594944,0x92917666b0ffbd39d4ce4fcf2df1c6c4808cfdb6,0x974bfcc7b25f979950b58ce0cf8d9c621a9c771e
102,1034009968284256,0xb6631e52e513eee0b8c932d7c76f8ccfa607a28e,0x974bfcc7b25f979950b58ce0cf8d9c621a9c771e
103,4024531151936311,0xb6631e52e513eee0b8c932d7c76f8ccfa607a28e,0x6e8abba440a58421f5eec9892b19c1a72c55c992
104,110344375722052780032,0x42ecfc3b1e2b76b8aaed9bd097ba9a316c38e1ea,0x974bfcc7b25f979950b58ce0cf8d9c621a9c771e
105,15540291080445270016,0x02b6bd2420ccadc38726bd34bb7f5c52b3f4f3ff,0x974bfcc7b25f979950b58ce0cf8d9c621a9c771e
106,53908864052699324416,0xd1b81213599f5ea2b1ba53738425e80da7b57b53,0x974bfcc7b25f979950b58ce0cf8d9c621a9c771e
107,10273097641232150,0xb6631e52e513eee0b8c932d7c76f8ccfa607a28e,0x974bfcc7b25f979950b58ce0cf8d9c621a9c771e
108,96770505444000088064,0x58f4f0106d26832823cc2bd2a57a41c5ff0fa520,0x724d5c9c618a2152e99a45649a3b8cf198321f46
109,8536528586245882880,0x5edd130efc31eff7c682bf4b5a24de639c9757de,0x974bfcc7b25f979950b58ce0cf8d9c621a9c771e
110,3306412975691467776,0x073190779f31e33170545811d9415e0ee059586c,0x974bfcc7b25f979950b58ce0cf8d9c621a9c771e
111,422424166089799041024,0x58f4f0106d26832823cc2bd2a57a41c5ff0fa520,0x478893fcbfffc3283fece2a216229e1c34093980
112,53948260005814788096,0x803d4d168976f40d1f5b561bc831effa8289e732,0xdc3f6f4c00b55f56d5ef6293b762c6483af24a82
113,22571606322709495808,0x1a1f31cf613dd2e936e153e31cff8ff6918997ba,0x4d4786384eb4e356ea2df195bbe84c89440accf0
114,2033703880259992064,0x1ab83223ee734ea5151e345841c4cfdd34c67d3c,0x974bfcc7b25f979950b58ce0cf8d9c621a9c771e
115,49717119426854125568,0xc35a8e70b0530d2bff51daedbcf752d8dafde91b,0x974bfcc7b25f979950b58ce0cf8d9c621a9c771e
116,35033738501944418304,0xb609927c4d413b9075b07c62ada9dfe73abf90eb,0x974bfcc7b25f979950b58ce0cf8d9c621a9c771e
117,50118058343616397312,0xc35a8e70b0530d2bff51daedbcf752d8dafde91b,0x974bfcc7b25f979950b58ce0cf8d9c621a9c771e
118,39658762335403868160,0x6da7b7f64c73ff7985f2bf55c71c2b46c9e41a5a,0x478893fcbfffc3283fece2a216229e1c34093980
119,81837228151847403520,0x514e9525fa9681b651d6b83a57577de7f9ad8a9a,0x974bfcc7b25f979950b58ce0cf8d9c621a9c771e
120,124260776457623224320,0x514e9525fa9681b651d6b83a57577de7f9ad8a9a,0xfe903a12359496b932e24c5e9b78f1b9060a6342
121,82526012780662620160,0x16c731c75a743a1b487b7914ef44b2f415707a5f,0x974bfcc7b25f979950b58ce0cf8d9c621a9c771e
122,152364924221433937920,0x16c731c75a743a1b487b7914ef44b2f415707a5f,0xfe903a12359496b932e24c5e9b78f1b9060a6342
123,15218476599331215360,0x83334ef0c6f6396413c508a7762741e9fd8b20e9,0x0b0d6c11d26b58cb25f59bd9b14190c8941e58fc
124,30120063027232356,0xb6631e52e513eee0b8c932d7c76f8ccfa607a28e,0xb8172076ceb35b6701f96eb9088818efc010bd44
125,10324238166378068,0xb6631e52e513eee0b8c932d7c76f8ccfa607a28e,0x974bfcc7b25f979950b58ce0cf8d9c621a9c771e
126,28827666696181252,0xb6631e52e513eee0b8c932d7c76f8ccfa607a28e,0xb8172076ceb35b6701f96eb9088818efc010bd44
127,143708514820517344,0xb6631e52e513eee0b8c932d7c76f8ccfa607a28e,0x0b0d6c11d26b58cb25f59bd9b14190c8941e58fc
128,3087827394550099456,0x53797a73169c9cec4b573db7139703152fe9e41d,0x974bfcc7b25f979950b58ce0cf8d9c621a9c771e
129,311770972941199296,0xb6631e52e513eee0b8c932d7c76f8ccfa607a28e,0xb8172076ceb35b6701f96eb9088818efc010bd44
130,10560782935909330,0xb6631e52e513eee0b8c932d7c76f8ccfa607a28e,0x974bfcc7b25f979950b58ce0cf8d9c621a9c771e
131,282066726634891872,0xb6631e52e513eee0b8c932d7c76f8ccfa607a28e,0xe7607a563105f7dba8beb87ad7f5b3a9ec793958
132,326826782225786880,0xb6631e52e513eee0b8c932d7c76f8ccfa607a28e,0xb8172076ceb35b6701f96eb9088818efc010bd44
133,90773686061432320,0x22e3138934edd4374eb111e3b09ac067391605bf,0x9c4cc862f51b1ba90485de3502aa058ca4331f32
134,129869154691855088,0x09026105a2a3eb0b351fda27f8354b7de48489d0,0x0b0d6c11d26b58cb25f59bd9b14190c8941e58fc
135,44028168894800952,0xb6631e52e513eee0b8c932d7c76f8ccfa607a28e,0x478893fcbfffc3283fece2a216229e1c34093980
136,10712308788012162,0xb6631e52e513eee0b8c932d7c76f8ccfa607a28e,0x974bfcc7b25f979950b58ce0cf8d9c621a9c771e
137,30162527808005976,0xb6631e52e513eee0b8c932d7c76f8ccfa607a28e,0xb8172076ceb35b6701f96eb9088818efc010bd44
138,2140319787718011648,0x1ab83223ee734ea5151e345841c4cfdd34c67d3c,0x974bfcc7b25f979950b58ce0cf8d9c621a9c771e
139,34655882270935543808,0x803d4d168976f40d1f5b561bc831effa8289e732,0x0b0d6c11d26b58cb25f59bd9b14190c8941e58fc
140,115281219578283524096,0x82e4d78c6c62d461251fa5a1d4deb9f0fe378e30,0x0b0d6c11d26b58cb25f59bd9b14190c8941e58fc
141,87370237508793073664,0xfca1430f46267ae2e44d52831dcda37058c5860a,0x0b0d6c11d26b58cb25f59bd9b14190c8941e58fc
142,114309656691164315648,0xeb79561a4ccd197941b40fc6625ffe3b47920f08,0x7d9c8d888d03df89461c645bd1108ae138b63a2a
143,107544419810666086400,0xbef716e7fbc844020925dc372879becd2f932bf9,0x06ad23978f67ae8cc76c54b74993b31a816bac2b
144,18574169591503896576,0x3f8168e1618f9a3c43a90e1bbb1ddae42ccc69fc,0x06ad23978f67ae8cc76c54b74993b31a816bac2b
145,6109453276279108608,0x0174b6600ba0802bf5bf73cd55b651eb38961ee2,0x7d9c8d888d03df89461c645bd1108ae138b63a2a
146,59821387363602251776,0x7adc457434e8c57737ad2ace768a863865f2aabc,0x06ad23978f67ae8cc76c54b74993b31a816bac2b
147,482257237038329888768,0x3f8168e1618f9a3c43a90e1bbb1ddae42ccc69fc,0x06ad23978f67ae8cc76c54b74993b31a816bac2b
148,455289136460452003840,0x3f8168e1618f9a3c43a90e1bbb1ddae42ccc69fc,0x06ad23978f67ae8cc76c54b74993b31a816bac2b
149,443451859047792312320,0x3f8168e1618f9a3c43a90e1bbb1ddae42ccc69fc,0x06ad23978f67ae8cc76c54b74993b31a816bac2b
150,445220729356511346688,0x3f8168e1618f9a3c43a90e1bbb1ddae42ccc69fc,0x06ad23978f67ae8cc76c54b74993b31a816bac2b
151,398667926452821884928,0x3f8168e1618f9a3c43a90e1bbb1ddae42ccc69fc,0x06ad23978f67ae8cc76c54b74993b31a816bac2b
152,8495639651451534336,0x7adc457434e8c57737ad2ace768a863865f2aabc,0x187094a90a0fc1f0cf51ef408cf88338a456561b
153,3259712018076670464,0x6cf51fdef74d02296017a1129086ee9c3477dc01,0x187094a90a0fc1f0cf51ef408cf88338a456561b
154,18406823237342582784,0xeb79561a4ccd197941b40fc6625ffe3b47920f08,0xce2cc0513634cef3a7c9c257e294ef5e3092f185
155,31570810968652165120,0x803d4d168976f40d1f5b561bc831effa8289e732,0xffa98a091331df4600f87c9164cd27e8a5cd2405
156,3205398205258360320,0xf9768bfed50b506c5536188af0fdd8d0190a847e,0x187094a90a0fc1f0cf51ef408cf88338a456561b
157,53333147346144747520,0xe77323d086d6d10e1c5407fb4fcaafbd3a40032a,0x06ad23978f67ae8cc76c54b74993b31a816bac2b
158,8011302436529536,0xb6631e52e513eee0b8c932d7c76f8ccfa607a28e,0x187094a90a0fc1f0cf51ef408cf88338a456561b
159,79636192458360815616,0x83334ef0c6f6396413c508a7762741e9fd8b20e9,0xb8172076ceb35b6701f96eb9088818efc010bd44
160,10582587634588184,0xb6631e52e513eee0b8c932d7c76f8ccfa607a28e,0x974bfcc7b25f979950b58ce0cf8d9c621a9c771e
161,105134209499261861888,0x102dad7d217cfe92c232db215f24fbf37dcccffc,0x7d9c8d888d03df89461c645bd1108ae138b63a2a
162,1928685374557550336,0x59b463cfa0bd584e5471b2a837523e3be9861e92,0x9c5de3ad97b95a0da09fd0de84c347db450cd75c
163,122241499632980312064,0x3f8168e1618f9a3c43a90e1bbb1ddae42ccc69fc,0x06ad23978f67ae8cc76c54b74993b31a816bac2b
164,14388056802404159488,0xeb79561a4ccd197941b40fc6625ffe3b47920f08,0x9c5de3ad97b95a0da09fd0de84c347db450cd75c
165,1901650417707585024,0xa044468730b5d51c7ce785ee04ae6bc963f8a7c7,0x9c5de3ad97b95a0da09fd0de84c347db450cd75c
166,3923017470721992192,0xb9393836755de736ecb99e503448bd6f2474330c,0x9c5de3ad97b95a0da09fd0de84c347db450cd75c
167,97251986696069545984,0x803d4d168976f40d1f5b561bc831effa8289e732,0xf956cdc8f43637f34f4be368fa1cb7da01d622be
168,18815565672532942848,0x6caa5c6b9b690879bb229e6b19cb2b755c4efe5b,0xf956cdc8f43637f34f4be368fa1cb7da01d622be
169,93816202072909920,0xd83256a8bb182e7be2382550ed24861c71108d35,0x9c5de3ad97b95a0da09fd0de84c347db450cd75c
170,2646019039691642368,0x17ccdda3914ab73f480feea2eca6381c2ce6d4b9,0x974bfcc7b25f979950b58ce0cf8d9c621a9c771e
171,1456132171890782720,0x17ccdda3914ab73f480feea2eca6381c2ce6d4b9,0xe7607a563105f7dba8beb87ad7f5b3a9ec793958
172,4369948488056,0x17ccdda3914ab73f480feea2eca6381c2ce6d4b9,0x178f1a72172a99f7f44e125de6413ea808713e7c
173,750982444057228928,0x17ccdda3914ab73f480feea2eca6381c2ce6d4b9,0x0b0d6c11d26b58cb25f59bd9b14190c8941e58fc
174,86135590997745057792,0xbea645da9c7f6de1f7e287759ccbfd5ab9f57c08,0xe7607a563105f7dba8beb87ad7f5b3a9ec793958
175,14322888509280583680,0x094a9009fe93a85658e4b49604fd8177620f8cd8,0x9c5de3ad97b95a0da09fd0de84c347db450cd75c
176,6537866710115331072,0x96cfc952e0a0630807db61dfa16622380289dabf,0x2fba756c64d4f9dbb17f1b3a1afb5f05af7f18c0
177,2205899807515854592,0x1da75fb0da32653fdab9ddecdb42f2ed61f8a28b,0x2fba756c64d4f9dbb17f1b3a1afb5f05af7f18c0
178,2205516153511507200,0x9a1e8645dedec6d45e2058d031b1ca97f815bd2e,0x2fba756c64d4f9dbb17f1b3a1afb5f05af7f18c0
179,2205452146010216960,0xcdc7ba99391f3be7e5dc0e49cc8361b537cfc29b,0x2fba756c64d4f9dbb17f1b3a1afb5f05af7f18c0
180,7556571396710677504,0x48e4d3a215f3b9fadd512f30ff54f3f458b5344e,0x9c5de3ad97b95a0da09fd0de84c347db450cd75c
181,12006449973171916800,0xe72994419480d9a0b3ab38e53ef7d7c28c48193d,0x974bfcc7b25f979950b58ce0cf8d9c621a9c771e
182,38076806269897564160,0xe72994419480d9a0b3ab38e53ef7d7c28c48193d,0x8f1c582b85259f7bbdb8c093f58268131a4ecd87
183,7114190124830050304,0x6ca1335471a5a333f1aaf6d6593665d8bda27f20,0x040bef6a2984ba28d8af8a24ddb51d61fbf08a81
184,2556204979301427200,0x094a9009fe93a85658e4b49604fd8177620f8cd8,0x9ca8aef2372c705d6848fdda3c1267a7f51267c1
185,1116284439262576512,0x5c389ac09711415d861cf88e4f4235a223180977,0x9ca8aef2372c705d6848fdda3c1267a7f51267c1
186,1189924091188710144,0xbd855a0c8066ed7ad4892787b421c25e6e0902f6,0x9ca8aef2372c705d6848fdda3c1267a7f51267c1
187,23968570949573566464,0xef36a85a3bd178cb3e92396e2de423cf2cc9a9cb,0x974bfcc7b25f979950b58ce0cf8d9c621a9c771e
188,48900569226631012352,0xb489d3a64835df17e1e2c9f5639c39964bbea724,0x7ce01885a13c652241ae02ea7369ee8d466802eb
189,36490152968991383552,0xc42dbb0986a2b6d30fe7e889aaf6ba2a72ca9d2e,0x9c5de3ad97b95a0da09fd0de84c347db450cd75c
190,6167951079572816896,0x25d18c2470adfa0c733d9234c5211ba977afc50e,0x9c5de3ad97b95a0da09fd0de84c347db450cd75c
191,39494284449714290688,0xe690341e50dce63c764ce7e0a6e923349d77ae2f,0xfe903a12359496b932e24c5e9b78f1b9060a6342
192,28501281400191725568,0x4754906bc6f580e821c6975822eb7c123a0ce578,0x24b24af104c961da1ba5bccce4410d49aa558477
193,71860714091439669248,0x4754906bc6f580e821c6975822eb7c123a0ce578,0x7ce01885a13c652241ae02ea7369ee8d466802eb
194,1265511607270850304,0x4754906bc6f580e821c6975822eb7c123a0ce578,0x9ca8aef2372c705d6848fdda3c1267a7f51267c1
195,12609413282599856128,0x4754906bc6f580e821c6975822eb7c123a0ce578,0x9c5de3ad97b95a0da09fd0de84c347db450cd75c
196,17564140004081780736,0x4754906bc6f580e821c6975822eb7c123a0ce578,0xce84867c3c02b05dc570d0135103d3fb9cc19433
197,72512432434465906688,0xeb79561a4ccd197941b40fc6625ffe3b47920f08,0x6ada49aeccf6e556bb7a35ef0119cc8ca795294a
198,3579862431347586560,0x2c5936f28cb0afc737510232bc013e7103f97b64,0x2deeeda49e5436cfe18e0ba10f58e4496b8fc631
199,18943060837952600,0x4180d97b5cfbfceaf250f9eaf8cef71119c42afa,0x856e90282961c0e7f6693fd2f62b35d5df9783cf
200,2641575483324786688,0x896fa945c5533631f8dafe7483fea6859537cfd0,0x94ae6d2390680ac6e6ee6069be42067d6ad72e2a
201,177787086923061760,0x931d0dcc21410c0410faafc6b7913c59e948e020,0xdfc14d2af169b0d36c4eff567ada9b2e0cae044f
202,4479888326255643648,0x2c5936f28cb0afc737510232bc013e7103f97b64,0xf20ef17b889b437c151eb5ba15a47bfc62bff469
203,6311777327009012736,0x5d5adbae68d41b0402d2a329b196a0e4717f39fc,0x24b24af104c961da1ba5bccce4410d49aa558477
204,11738102115516952576,0x6caa5c6b9b690879bb229e6b19cb2b755c4efe5b,0x974bfcc7b25f979950b58ce0cf8d9c621a9c771e
205,898191850616269952,0x5c389ac09711415d861cf88e4f4235a223180977,0x9ca8aef2372c705d6848fdda3c1267a7f51267c1
206,4942293469925153792,0x91215714613ec4554eadc9563669751cbcf265d0,0x85cb0bab616fe88a89a35080516a8928f38b518b
207,4932567069731478528,0x91215714613ec4554eadc9563669751cbcf265d0,0x85cb0bab616fe88a89a35080516a8928f38b518b
208,13874747463593654272,0xeb79561a4ccd197941b40fc6625ffe3b47920f08,0x85cb0bab616fe88a89a35080516a8928f38b518b
209,80025250024168013824,0x803d4d168976f40d1f5b561bc831effa8289e732,0xf956cdc8f43637f34f4be368fa1cb7da01d622be
210,397603174730950528,0x4b3d3b57b86b03614f78d5d8fe27a2d85e4c8fa2,0x8d2a4cc2e2ca0f7ab011b686449dc82c3af924c7
211,26472576992877633536,0xedf7b675a2fe3c27efb263fb4c204a3f0fb17d46,0x8d2a4cc2e2ca0f7ab011b686449dc82c3af924c7
212,33267977519321075712,0xe38f383dba802c0c45a127f96354c077ddee886f,0x8d2a4cc2e2ca0f7ab011b686449dc82c3af924c7
213,4600488238699154432,0xe27c950fa19df1bf09ab2fd9831dac620045fada,0x85cb0bab616fe88a89a35080516a8928f38b518b
214,40731352891464564736,0x9388b5cd49b1ebb9d5c10900b724aa6486bf0a59,0x6e8abba440a58421f5eec9892b19c1a72c55c992
215,411232198204357440,0x218584b6b67e2c5ed5d09bda46e4796b1fb64add,0x6e8abba440a58421f5eec9892b19c1a72c55c992
216,118392223593258176,0x43bb3e05474fe770a0c885f3b7954837740c27bd,0x85cb0bab616fe88a89a35080516a8928f38b518b
217,473557571376661,0xefaef3a9b2bc9b1464c1f85715b6915de4ec659d,0x85cb0bab616fe88a89a35080516a8928f38b518b
218,473557481426211,0x9a526104a8d9763b956b03227b340ca096b988d9,0x85cb0bab616fe88a89a35080516a8928f38b518b
219,473198401976881,0x43ee0c8e212a3d21c6924159ae7b834e9105d27e,0x85cb0bab616fe88a89a35080516a8928f38b518b
220,3958424986836575232,0x48e4d3a215f3b9fadd512f30ff54f3f458b5344e,0x85cb0bab616fe88a89a35080516a8928f38b518b
221,2951008714812116992,0xefd031f59aa89cadb722ed2076d39877c3b512ae,0x6e8abba440a58421f5eec9892b19c1a72c55c992
222,9878217154597285888,0x1e771be65ea88b61bdbc880b89632900b59f0067,0x6e8abba440a58421f5eec9892b19c1a72c55c992
223,9872079260067766272,0x744324fa17fc548b4e258c0b19389f125549e047,0x6e8abba440a58421f5eec9892b19c1a72c55c992
224,11179229083963924480,0x3cf83006047eb84410c80fe77990043c148a99ef,0x8f1c582b85259f7bbdb8c093f58268131a4ecd87
225,104214935193723109376,0xeb79561a4ccd197941b40fc6625ffe3b47920f08,0x1037fa1f40b69c9266c4aeb2abcedc7553614b4c
226,36055980606639849472,0x3c092397fb8026c30881d1bdd572b876c55afed3,0x6e8abba440a58421f5eec9892b19c1a72c55c992
227,932841436547259776,0x4d569abc3d7ab699d65832ac1a3b376592b33de2,0xb0fb35cc576034b01bed6f4d0333b1bd3859615c
228,48819452368701038592,0x803d4d168976f40d1f5b561bc831effa8289e732,0x9c4cc862f51b1ba90485de3502aa058ca4331f32
229,34049358924978941952,0xbd855a0c8066ed7ad4892787b421c25e6e0902f6,0x7ce01885a13c652241ae02ea7369ee8d466802eb
230,78662546811463467008,0x2210dc066aacb03c9676c4f1b36084af14ccd02e,0x9c4cc862f51b1ba90485de3502aa058ca4331f32
231,4730732376588441600,0x094a9009fe93a85658e4b49604fd8177620f8cd8,0x9ca8aef2372c705d6848fdda3c1267a7f51267c1
232,21576419062424432640,0xefd031f59aa89cadb722ed2076d39877c3b512ae,0xa886576fed10723401386697aadf777e1d4bca05
233,6529261973773120512,0xf9107317b0ff77ed5b7adea15e50514a3564002b,0x9c4cc862f51b1ba90485de3502aa058ca4331f32
234,12936897478630914,0x9f92249e0ab0cee486fc38674f508730559ec6dd,0x9c4cc862f51b1ba90485de3502aa058ca4331f32
235,88184285643207327744,0x84e356a5af981e8e91513396cb75078f0f638bb6,0xe7607a563105f7dba8beb87ad7f5b3a9ec793958
236,96904108868238049280,0xeb79561a4ccd197941b40fc6625ffe3b47920f08,0x1037fa1f40b69c9266c4aeb2abcedc7553614b4c
237,686331892905930368,0x2cf8f56381015b317a67ffb18d692aab64c28ad5,0x9c4cc862f51b1ba90485de3502aa058ca4331f32
238,216596043695629,0x1ab83223ee734ea5151e345841c4cfdd34c67d3c,0xc0067d751fb1172dbab1fa003efe214ee8f419b6
239,24302910180131,0x1ea6ba8c394942a17f4cebe80b2ccab9fd647dc8,0xc0067d751fb1172dbab1fa003efe214ee8f419b6
240,61792490375074328,0x3f7eeb1bf4ce72e40be48165954c2b6a8365abd0,0x1037fa1f40b69c9266c4aeb2abcedc7553614b4c
241,25899821842843856896,0x0e04cab2146752790f9d4a7d68806d0531f967ca,0xaf31fd9c3b0350424bf96e551d2d1264d8466205
242,96947174206240389595136,0x5c389ac09711415d861cf88e4f4235a223180977,0xda3a20aad0c34fa742bd9813d45bbf67c787ae0b
243,42265044869042626560,0x18f768455e7f5fb09fc491fd86bcc282bcdd5973,0x9c4cc862f51b1ba90485de3502aa058ca4331f32
244,26199808772515819520,0x18f768455e7f5fb09fc491fd86bcc282bcdd5973,0x9c4cc862f51b1ba90485de3502aa058ca4331f32
245,80962528040996147560448,0x803d4d168976f40d1f5b561bc831effa8289e732,0xda3a20aad0c34fa742bd9813d45bbf67c787ae0b
246,2881135350800619520,0xefb2326b2c0f4b64bc1d5603fce3c30112ec9dfb,0x9c4cc862f51b1ba90485de3502aa058ca4331f32
247,222830421833744252928,0xf03313087b15f466afb33da084da02775ddbd027,0xda3a20aad0c34fa742bd9813d45bbf67c787ae0b
248,855590864777623240704,0x852a2a16fd6e8d5271ac0cfd24b98601c5ebef01,0xda3a20aad0c34fa742bd9813d45bbf67c787ae0b
249,15433850745041645993984,0xe5a8654631b3729f73ca3503ba09a5d3e11b46da,0xda3a20aad0c34fa742bd9813d45bbf67c787ae0b
250,40046354375933706633216,0x803d4d168976f40d1f5b561bc831effa8289e732,0x811beed0119b4afce20d2583eb608c6f7af1954f
251,6085299932000740352,0x83334ef0c6f6396413c508a7762741e9fd8b20e9,0x8d2a4cc2e2ca0f7ab011b686449dc82c3af924c7
252,12161010576651474944,0xd041c41ea1bf0f006adbb6d2c9ef9d425de5ead7,0x8d2a4cc2e2ca0f7ab011b686449dc82c3af924c7
253,21766406671147387060224,0x5c389ac09711415d861cf88e4f4235a223180977,0x5d2c95651e0ee953b9abd8ec47ce2a165c852ae9
254,24940580884284825600,0xeb79561a4ccd197941b40fc6625ffe3b47920f08,0x24b24af104c961da1ba5bccce4410d49aa558477
255,16787074162927403008,0xef36a85a3bd178cb3e92396e2de423cf2cc9a9cb,0x8d2a4cc2e2ca0f7ab011b686449dc82c3af924c7
256,613087857458424704,0xefb2326b2c0f4b64bc1d5603fce3c30112ec9dfb,0x8d2a4cc2e2ca0f7ab011b686449dc82c3af924c7
257,1066009264830226304,0xe070e13c4af740a93109715b0c7c2ba7c30c4ef2,0x874376be8231dad99aabf9ef0767b3cc054c60ee
258,44539953295858394464256,0x803d4d168976f40d1f5b561bc831effa8289e732,0xda3a20aad0c34fa742bd9813d45bbf67c787ae0b
259,25681343732683345920,0x83334ef0c6f6396413c508a7762741e9fd8b20e9,0xa886576fed10723401386697aadf777e1d4bca05
260,1180135318702864384,0x83334ef0c6f6396413c508a7762741e9fd8b20e9,0x874376be8231dad99aabf9ef0767b3cc054c60ee
261,14473004899045376000,0x83334ef0c6f6396413c508a7762741e9fd8b20e9,0x797e1dc0738f2f047d7e0dd185e41a35f87c5618
262,63528576474934018048,0x83334ef0c6f6396413c508a7762741e9fd8b20e9,0x8f1c582b85259f7bbdb8c093f58268131a4ecd87
263,30026576380059308032,0x5acfbbf0aa370f232e341bc0b1a40e996c960e07,0x0c2445bec45c443c58f44f8e0a5796960e052d63
264,941548322642655232,0x1ca43437430d1845f5ff43bf73d36568d00740c7,0xe7607a563105f7dba8beb87ad7f5b3a9ec793958
265,44651100497033784459264,0x83334ef0c6f6396413c508a7762741e9fd8b20e9,0x5d2c95651e0ee953b9abd8ec47ce2a165c852ae9
266,3478794926529396224,0xe070e13c4af740a93109715b0c7c2ba7c30c4ef2,0xb13201b48b1e61593df055576964d0b3aab66ea3
267,35917922550807846912,0x4ffe72a85f13d2f812728b52639b77ae4fcc7f77,0x8d2a4cc2e2ca0f7ab011b686449dc82c3af924c7
268,48496912210604377243648,0x83334ef0c6f6396413c508a7762741e9fd8b20e9,0x5d2c95651e0ee953b9abd8ec47ce2a165c852ae9
269,64872172368593346560,0x83334ef0c6f6396413c508a7762741e9fd8b20e9,0x8f1c582b85259f7bbdb8c093f58268131a4ecd87
270,34986664720795660288,0x83334ef0c6f6396413c508a7762741e9fd8b20e9,0x1037fa1f40b69c9266c4aeb2abcedc7553614b4c
271,45818402392026447872,0x83334ef0c6f6396413c508a7762741e9fd8b20e9,0xe7607a563105f7dba8beb87ad7f5b3a9ec793958
272,121984288490529,0xd33a97de61e09d26937dd8cf5f7fb511b82ddcc6,0xdc3e94ddf605864b79fce18c7cf974e579001e7b
273,12260975104115374080,0x02b6bd2420ccadc38726bd34bb7f5c52b3f4f3ff,0xb13201b48b1e61593df055576964d0b3aab66ea3
274,238843276938084032,0x3055909429f637041b3e23d3fa357f98bd7ab418,0xdc3e94ddf605864b79fce18c7cf974e579001e7b
275,5960372021078876160,0x3055909429f637041b3e23d3fa357f98bd7ab418,0x60a39010e4892b862d1bb6bdde908215ac5af6f3
276,104936424287994413056,0xeb79561a4ccd197941b40fc6625ffe3b47920f08,0x3a8afc58b70b34a0a5615d3a5ffe623ca1fa92b8
277,1045262195067180288,0x610c92c70eb55dfeafe8970513d13771da79f2e0,0xdc3e94ddf605864b79fce18c7cf974e579001e7b
278,25504091957489053696,0x83334ef0c6f6396413c508a7762741e9fd8b20e9,0x1ffc57cada109985ad896a69fbcebd565db4290e
279,43562749702444810240,0xee1f07f88934c2811e3dcabdf438d975c3d62cd3,0xb13201b48b1e61593df055576964d0b3aab66ea3
280,70523613483867734016,0xee1f07f88934c2811e3dcabdf438d975c3d62cd3,0xb13201b48b1e61593df055576964d0b3aab66ea3
281,336041105081985007616,0xee1f07f88934c2811e3dcabdf438d975c3d62cd3,0xc3601f3e1c26d1a47571c559348e4156786d1fec
282,389722663335602028544,0xee1f07f88934c2811e3dcabdf438d975c3d62cd3,0xeff2dbe03e67ee5e5a6b645cb61a1c0dcfd890d9
283,932978428159337472,0x97e57c2c1120e4559083964c69674177b0878fd8,0xdc3e94ddf605864b79fce18c7cf974e579001e7b
284,528770179036030,0xee1f07f88934c2811e3dcabdf438d975c3d62cd3,0x02cde6be34a59ff01aa532d56956a3c339c26322
285,62531408338573754368,0xd041c41ea1bf0f006adbb6d2c9ef9d425de5ead7,0x1ffc57cada109985ad896a69fbcebd565db4290e
286,295614443443818688,0xb0532587e4ff1df79331e36ca519a4589cc91e9b,0xdc3e94ddf605864b79fce18c7cf974e579001e7b
287,1716708468591765248,0xb126afa1075bbfbbe49e8321c6016f9b7ce5ca13,0xcffdded873554f362ac02f8fb1f02e5ada10516f
288,33718787047408832512,0xb0532587e4ff1df79331e36ca519a4589cc91e9b,0xeff2dbe03e67ee5e5a6b645cb61a1c0dcfd890d9
289,20573626198891003904,0x4d569abc3d7ab699d65832ac1a3b376592b33de2,0x1ffc57cada109985ad896a69fbcebd565db4290e
290,30533646460996182016,0xae74d4af5310170f8b2c0227b0c8ca70c8e2c78f,0x1ffc57cada109985ad896a69fbcebd565db4290e
291,1672801526332996096,0x33da9678cc8a2a8dfe3dc0c965c3d5489fbab5da,0xa886576fed10723401386697aadf777e1d4bca05
292,280998226310954720,0xd37a25b05cd56865c3547d4f9f2a77079f4e928f,0x1ffc57cada109985ad896a69fbcebd565db4290e
293,412772689581818368,0x9e19dbc552a041caa4c6a787465af6ab81fbccc1,0x80b4d4e9d88d9f78198c56c5a27f3bacb9a685c5
294,15110142975200608256,0x018f0d6edad04715e550c1c852dc9ef2ff39fa7e,0x1ffc57cada109985ad896a69fbcebd565db4290e
295,9387409482150576128,0x018f0d6edad04715e550c1c852dc9ef2ff39fa7e,0xe7607a563105f7dba8beb87ad7f5b3a9ec793958
296,92069511255428672,0xf6688549b8fd67c45ae44223cb3e1911081e6d8c,0xee9b50b74a132912cf55e7699ef3aa7ae2b00e0c
297,605785094582874112,0xca56db15d8396238088700d738a8b0fe318e0ce6,0x1ffc57cada109985ad896a69fbcebd565db4290e
298,321508804930812510208,0xa511fde14e89bfbaff3a6623f3dd1cca98defe3d,0x1ffc57cada109985ad896a69fbcebd565db4290e
299,9615028171773536256,0x83334ef0c6f6396413c508a7762741e9fd8b20e9,0xee9b50b74a132912cf55e7699ef3aa7ae2b00e0c
300,88538337611174816,0x923d99e83e0a492fda01095885bb75a14479b68f,0xee9b50b74a132912cf55e7699ef3aa7ae2b00e0c
301,10437286642692433920,0xef7b11bb7d88d3b42e866fd40d0a974c9ed78188,0x4dd26482738be6c06c31467a19dcda9ad781e8c4
302,46076607224807710720,0x5a39e2d5a81fe9e630ee574df446b78f742f5d9e,0xee9b50b74a132912cf55e7699ef3aa7ae2b00e0c
303,65530910085394677760,0xe690341e50dce63c764ce7e0a6e923349d77ae2f,0x3a8afc58b70b34a0a5615d3a5ffe623ca1fa92b8
304,2940908547821,0x096ca3674329bb66dd7cc14d1511dfb7728b9193,0xb4e16d0168e52d35cacd2c6185b44281ec28c9dc
305,2938856380027,0x096ca3674329bb66dd7cc14d1511dfb7728b9193,0xb4e16d0168e52d35cacd2c6185b44281ec28c9dc
306,1541241453669,0x51bc9862ad17023fa88435f51fcaa6e677b2ca97,0x291c69fdaebd3cbe953843da243f8605a766a268
307,989793174271899648,0xb126afa1075bbfbbe49e8321c6016f9b7ce5ca13,0xcffdded873554f362ac02f8fb1f02e5ada10516f
308,4789324551196342272,0xc6c8aecb1d9ca59a09d691cda8539992655dbfb3,0xc76225124f3caab07f609b1d147a31de43926cd6
309,11637140556654585856,0x9572356fe4e4795d8879c52bc1d2385f99ad14c9,0x90f1bdf7f72102b2724b4d2d9c12f00270e4d376
310,2499121430473465344,0x9572356fe4e4795d8879c52bc1d2385f99ad14c9,0x470e8de2ebaef52014a47cb5e6af86884947f08c
311,152458034743160111104,0x9572356fe4e4795d8879c52bc1d2385f99ad14c9,0xe0deb97487bddf4c28ab1aa169179db0da625b29
312,-811874236008623360,0x1ab83223ee734ea5151e345841c4cfdd34c67d3c,0x3fd4cf9303c4bc9e13772618828712c8eac7dd2f
313,-2597581786158363136,0x8a4b89d76a1a745a4a1adebd3793253fba0adadc,0x99dfde431b40321a35deb6aeb55cf338ddd6eccd
314,-4679630550071884800,0x1ab83223ee734ea5151e345841c4cfdd34c67d3c,0xe7607a563105f7dba8beb87ad7f5b3a9ec793958
315,-104508923302941776,0x1ab83223ee734ea5151e345841c4cfdd34c67d3c,0xe7607a563105f7dba8beb87ad7f5b3a9ec793958
316,-19923738756755521536,0xbdc5edc5177742595883be51996b8d791e6ff8e4,0xffa98a091331df4600f87c9164cd27e8a5cd2405
317,-11503606128877330432,0x803d4d168976f40d1f5b561bc831effa8289e732,0x570febdf89c07f256c75686caca215289bb11cfc
318,-549969885969629184,0x1ab83223ee734ea5151e345841c4cfdd34c67d3c,0xd583d0824ed78767e0e35b9bf7a636c81c665aa8
319,-157667313636412817408,0x817c6e2d3ab3ab9210a19ea47b24c523750eadc5,0xe6f19dab7d43317344282f803f8e8d240708174a
320,-660852763839051904,0x97af0f60c1894bf63b440300ddf6b18102f22341,0x146d3401b6a41122bd318ba676a01c44cb0795e2
321,-1671597029607,0x1ab83223ee734ea5151e345841c4cfdd34c67d3c,0xcc3d1ecef1f9fd25599dbea2755019dc09db3c54
322,-43528817353237315584,0x3e025504b92babf4bbbc20cbb28f2d04c1608247,0x570febdf89c07f256c75686caca215289bb11cfc
323,-15671176871765604352,0x5136cdfc4d2b1a74774f5137095f82f88af5ec99,0xc8ca3c0f011fe42c48258ecbbf5d94c51f141c17
324,-3351226984727863808,0x020cb5a75c25eeab93647f0fa973b4c6f5f5c238,0x73e02eaab68a41ea63bdae9dbd4b7678827b2352
325,-15527214659552991232,0xf1846a6b331e2746e4a8ce2d792e7b385393f6f0,0xa2107fa5b38d9bbd2c461d6edf11b11a50f6b974
326,-35706852406758219776,0x803d4d168976f40d1f5b561bc831effa8289e732,0xc8ca3c0f011fe42c48258ecbbf5d94c51f141c17
327,-1900013153917270016,0xead9d46a1601c7f09f3f0186010736b32e668a90,0x2999528824a1a839d9af5cfead053236be675984
328,-4656034525522268160,0xead9d46a1601c7f09f3f0186010736b32e668a90,0x659a9a43b32bea6c113c393930a45c7634a242d5
329,-6355344189954804736,0x6a5dbf2fb5206ec8192620810c3edb6d5e62b188,0x73e02eaab68a41ea63bdae9dbd4b7678827b2352
330,-3104197063549305856,0x68114744a3c5e364b12c154300693642491696a7,0x73e02eaab68a41ea63bdae9dbd4b7678827b2352
331,-248288411002746695581696,0x803d4d168976f40d1f5b561bc831effa8289e732,0x811beed0119b4afce20d2583eb608c6f7af1954f
332,-53872387980771950592,0x803d4d168976f40d1f5b561bc831effa8289e732,0x659a9a43b32bea6c113c393930a45c7634a242d5
333,-895193533247276974080,0x803d4d168976f40d1f5b561bc831effa8289e732,0x478893fcbfffc3283fece2a216229e1c34093980
334,-51904539379786457088,0x803d4d168976f40d1f5b561bc831effa8289e732,0xdc3f6f4c00b55f56d5ef6293b762c6483af24a82
335,-25847523016965222400,0xc90923827d774955dc6798fff540c4e2d29f2dbe,0xc8ca3c0f011fe42c48258ecbbf5d94c51f141c17
336,-36320820584085843968,0x803d4d168976f40d1f5b561bc831effa8289e732,0x974bfcc7b25f979950b58ce0cf8d9c621a9c771e
337,-1170984843276827904,0x8a4b89d76a1a745a4a1adebd3793253fba0adadc,0x570febdf89c07f256c75686caca215289bb11cfc
338,-248507454555551563776,0x1c5507310813a07c68f243960650380669450710,0x2d9fd51e896ff0352cb6d697d13d04c2cb85ca83
339,-5913659227365639168,0x8a4b89d76a1a745a4a1adebd3793253fba0adadc,0x659a9a43b32bea6c113c393930a45c7634a242d5
340,-82261076240035376,0x1ab83223ee734ea5151e345841c4cfdd34c67d3c,0x146d3401b6a41122bd318ba676a01c44cb0795e2
341,-27409034673173884,0x1ab83223ee734ea5151e345841c4cfdd34c67d3c,0x146d3401b6a41122bd318ba676a01c44cb0795e2
342,-609089352011315840,0x1ab83223ee734ea5151e345841c4cfdd34c67d3c,0xcd6bcca48069f8588780dfa274960f15685aee0e
343,-25975350234934304768,0xe55c69cfd20cfa25651c72b84383de6104104eb4,0x05f21e62952566cefb77f5153ec6b83c14fb6b1d
344,-9976707746511230976,0x92917666b0ffbd39d4ce4fcf2df1c6c4808cfdb6,0x974bfcc7b25f979950b58ce0cf8d9c621a9c771e
345,-109691025884945,0x1ab83223ee734ea5151e345841c4cfdd34c67d3c,0x64c29aac69d3122f6e5531ceca1b753f95350af4
346,-18729073729805500416,0xe88f42474046183f2367066cd940e74ded8085fe,0xb8172076ceb35b6701f96eb9088818efc010bd44
347,-8720622031803535360,0x5edd130efc31eff7c682bf4b5a24de639c9757de,0x974bfcc7b25f979950b58ce0cf8d9c621a9c771e
348,-22712150059752067072,0x1a1f31cf613dd2e936e153e31cff8ff6918997ba,0x4d4786384eb4e356ea2df195bbe84c89440accf0
349,-11223360404503478272,0x514e9525fa9681b651d6b83a57577de7f9ad8a9a,0x73e02eaab68a41ea63bdae9dbd4b7678827b2352
350,-11201126652113444864,0x16c731c75a743a1b487b7914ef44b2f415707a5f,0x73e02eaab68a41ea63bdae9dbd4b7678827b2352
351,-3150831574738724,0xb6631e52e513eee0b8c932d7c76f8ccfa607a28e,0x73e02eaab68a41ea63bdae9dbd4b7678827b2352
352,-22084852807219884,0xb6631e52e513eee0b8c932d7c76f8ccfa607a28e,0x974bfcc7b25f979950b58ce0cf8d9c621a9c771e
353,-143767247685834560,0xb6631e52e513eee0b8c932d7c76f8ccfa607a28e,0x0b0d6c11d26b58cb25f59bd9b14190c8941e58fc
354,-4109453187485873,0xb6631e52e513eee0b8c932d7c76f8ccfa607a28e,0x6e8abba440a58421f5eec9892b19c1a72c55c992
355,-293331506779291264,0xb6631e52e513eee0b8c932d7c76f8ccfa607a28e,0x2999528824a1a839d9af5cfead053236be675984
356,-59329031401026376,0xb6631e52e513eee0b8c932d7c76f8ccfa607a28e,0xb8172076ceb35b6701f96eb9088818efc010bd44
357,-311785142967894400,0xb6631e52e513eee0b8c932d7c76f8ccfa607a28e,0xb8172076ceb35b6701f96eb9088818efc010bd44
358,-244769899760638688,0xb6631e52e513eee0b8c932d7c76f8ccfa607a28e,0xa478c2975ab1ea89e8196811f51a7b7ade33eb11
359,-10562016028845454,0xb6631e52e513eee0b8c932d7c76f8ccfa607a28e,0x974bfcc7b25f979950b58ce0cf8d9c621a9c771e
360,-326964195162562240,0xb6631e52e513eee0b8c932d7c76f8ccfa607a28e,0xb8172076ceb35b6701f96eb9088818efc010bd44
361,-1388831965112195328,0x1ab83223ee734ea5151e345841c4cfdd34c67d3c,0x46af8ac1b82f73db6aacc1645d40c56191ab787b
362,-282168120320717376,0xb6631e52e513eee0b8c932d7c76f8ccfa607a28e,0xe7607a563105f7dba8beb87ad7f5b3a9ec793958
363,-44057034740780416,0xb6631e52e513eee0b8c932d7c76f8ccfa607a28e,0x478893fcbfffc3283fece2a216229e1c34093980
364,-10714096192512956,0xb6631e52e513eee0b8c932d7c76f8ccfa607a28e,0x974bfcc7b25f979950b58ce0cf8d9c621a9c771e
365,-48512269834622664704,0xc35a8e70b0530d2bff51daedbcf752d8dafde91b,0x974bfcc7b25f979950b58ce0cf8d9c621a9c771e
366,-48513553823793643520,0xc35a8e70b0530d2bff51daedbcf752d8dafde91b,0x974bfcc7b25f979950b58ce0cf8d9c621a9c771e
367,-4550916960309176320,0xc35a8e70b0530d2bff51daedbcf752d8dafde91b,0x974bfcc7b25f979950b58ce0cf8d9c621a9c771e
368,-30274598182536408,0xb6631e52e513eee0b8c932d7c76f8ccfa607a28e,0xb8172076ceb35b6701f96eb9088818efc010bd44
369,-35021017363115962368,0x803d4d168976f40d1f5b561bc831effa8289e732,0x0b0d6c11d26b58cb25f59bd9b14190c8941e58fc
370,-55290911117366796288,0x803d4d168976f40d1f5b561bc831effa8289e732,0xdc3f6f4c00b55f56d5ef6293b762c6483af24a82
371,-296618335993606111232,0x803d4d168976f40d1f5b561bc831effa8289e732,0x06ad23978f67ae8cc76c54b74993b31a816bac2b
372,-33311199250969432064,0x803d4d168976f40d1f5b561bc831effa8289e732,0x06ad23978f67ae8cc76c54b74993b31a816bac2b
373,-88406938397884350464,0xfca1430f46267ae2e44d52831dcda37058c5860a,0x0b0d6c11d26b58cb25f59bd9b14190c8941e58fc
374,-150369285679850979328,0x58e316d51ada862d71fba22ada6f56d00186af13,0x8ae720a71622e824f576b4a8c03031066548a3b1
375,-56570538097720565760,0x7adc457434e8c57737ad2ace768a863865f2aabc,0xb8172076ceb35b6701f96eb9088818efc010bd44
376,-61245282693475655680,0x7adc457434e8c57737ad2ace768a863865f2aabc,0x06ad23978f67ae8cc76c54b74993b31a816bac2b
377,-3260029577423673856,0x6cf51fdef74d02296017a1129086ee9c3477dc01,0x187094a90a0fc1f0cf51ef408cf88338a456561b
378,-16616382994029576192,0x02b6bd2420ccadc38726bd34bb7f5c52b3f4f3ff,0x974bfcc7b25f979950b58ce0cf8d9c621a9c771e
379,-85168853836014927872,0x16c731c75a743a1b487b7914ef44b2f415707a5f,0x974bfcc7b25f979950b58ce0cf8d9c621a9c771e
380,-155422313606642171904,0x16c731c75a743a1b487b7914ef44b2f415707a5f,0xfe903a12359496b932e24c5e9b78f1b9060a6342
381,-31590206618447712256,0x803d4d168976f40d1f5b561bc831effa8289e732,0xffa98a091331df4600f87c9164cd27e8a5cd2405
382,-15659177559380776960,0x83334ef0c6f6396413c508a7762741e9fd8b20e9,0x3fd4cf9303c4bc9e13772618828712c8eac7dd2f
383,-12628975781061971968,0x803d4d168976f40d1f5b561bc831effa8289e732,0xdc3f6f4c00b55f56d5ef6293b762c6483af24a82
384,-121542144609641840640,0x82e4d78c6c62d461251fa5a1d4deb9f0fe378e30,0x0b0d6c11d26b58cb25f59bd9b14190c8941e58fc
385,-4333775116637385216,0x1ab83223ee734ea5151e345841c4cfdd34c67d3c,0x974bfcc7b25f979950b58ce0cf8d9c621a9c771e
386,-58401315421135388672,0xd1b81213599f5ea2b1ba53738425e80da7b57b53,0x974bfcc7b25f979950b58ce0cf8d9c621a9c771e
387,-79976729485955203072,0x83334ef0c6f6396413c508a7762741e9fd8b20e9,0xb8172076ceb35b6701f96eb9088818efc010bd44
388,-17176272346017880064,0x83334ef0c6f6396413c508a7762741e9fd8b20e9,0x0b0d6c11d26b58cb25f59bd9b14190c8941e58fc
389,-12884050661847033856,0x83334ef0c6f6396413c508a7762741e9fd8b20e9,0x05f04f112a286c4c551897fb19ed2300272656c8
390,-15607966452961183744,0x803d4d168976f40d1f5b561bc831effa8289e732,0xbf4ff08b9a3bbb77a362b609119100545c0445fe
391,-452650463071267061760,0x58f4f0106d26832823cc2bd2a57a41c5ff0fa520,0x478893fcbfffc3283fece2a216229e1c34093980
392,-102682009272315756544,0x58f4f0106d26832823cc2bd2a57a41c5ff0fa520,0x724d5c9c618a2152e99a45649a3b8cf198321f46
393,-703731250584153600,0xc508da4522783b3b65233760b5001cf9fa0f2d3d,0x73e02eaab68a41ea63bdae9dbd4b7678827b2352
394,-935270969284696,0x90abcf1598ed3077861bcfb3b11efcd1d7277223,0x395c342402bd57ac8aa78b9125d2ca71475d139e
395,-1905251139279805696,0xa044468730b5d51c7ce785ee04ae6bc963f8a7c7,0x9c5de3ad97b95a0da09fd0de84c347db450cd75c
396,-87146012905565061120,0x803d4d168976f40d1f5b561bc831effa8289e732,0xf956cdc8f43637f34f4be368fa1cb7da01d622be
397,-129021171995778056192,0x514e9525fa9681b651d6b83a57577de7f9ad8a9a,0xfe903a12359496b932e24c5e9b78f1b9060a6342
398,-86032268175378317312,0x514e9525fa9681b651d6b83a57577de7f9ad8a9a,0x974bfcc7b25f979950b58ce0cf8d9c621a9c771e
399,-12255558769056616448,0x803d4d168976f40d1f5b561bc831effa8289e732,0xf956cdc8f43637f34f4be368fa1cb7da01d622be
400,-2459961106252290850816,0x3f8168e1618f9a3c43a90e1bbb1ddae42ccc69fc,0x06ad23978f67ae8cc76c54b74993b31a816bac2b
401,-106762486221755252736,0x102dad7d217cfe92c232db215f24fbf37dcccffc,0x7d9c8d888d03df89461c645bd1108ae138b63a2a
402,-55040878212051574784,0xe77323d086d6d10e1c5407fb4fcaafbd3a40032a,0x06ad23978f67ae8cc76c54b74993b31a816bac2b
403,-12006604229100613632,0xe72994419480d9a0b3ab38e53ef7d7c28c48193d,0x974bfcc7b25f979950b58ce0cf8d9c621a9c771e
404,-323757151241448704,0x8a4b89d76a1a745a4a1adebd3793253fba0adadc,0x99dfde431b40321a35deb6aeb55cf338ddd6eccd
405,-38183406446682644480,0xe72994419480d9a0b3ab38e53ef7d7c28c48193d,0x8f1c582b85259f7bbdb8c093f58268131a4ecd87
406,-3977100231431587840,0xb9393836755de736ecb99e503448bd6f2474330c,0x9c5de3ad97b95a0da09fd0de84c347db450cd75c
407,-164446523110713360384,0x5c268ac0e831236011a583f288c26aadfe9f0225,0x478893fcbfffc3283fece2a216229e1c34093980
408,-159292937010526650368,0xc74f56547cc2490cb54d049a8e2f277042d2a625,0x478893fcbfffc3283fece2a216229e1c34093980
409,-154589189036122800128,0x48ddb4018ddc4b2d828799a9593e3cb4d69f9e1b,0x478893fcbfffc3283fece2a216229e1c34093980
410,-69163585480459689984,0x787b4b7ffef8eddad54f311039acf4c36fec9593,0x51c1d5cdf10dda49219054920c22c8d4a23eed89
411,-37107737650454134784,0xc42dbb0986a2b6d30fe7e889aaf6ba2a72ca9d2e,0x9c5de3ad97b95a0da09fd0de84c347db450cd75c
412,-122569320018207408128,0x0652dd3753cd000f11044ce37ee0e49cd106c2ea,0x8ae720a71622e824f576b4a8c03031066548a3b1
413,-120761634684905947136,0xeb79561a4ccd197941b40fc6625ffe3b47920f08,0x7d9c8d888d03df89461c645bd1108ae138b63a2a
414,-6216892295296414720,0x25d18c2470adfa0c733d9234c5211ba977afc50e,0x9c5de3ad97b95a0da09fd0de84c347db450cd75c
415,-18946674748981276,0x4180d97b5cfbfceaf250f9eaf8cef71119c42afa,0x856e90282961c0e7f6693fd2f62b35d5df9783cf
416,-3587443855471632896,0x2c5936f28cb0afc737510232bc013e7103f97b64,0x2deeeda49e5436cfe18e0ba10f58e4496b8fc631
417,-8458402246777506816,0x6caa5c6b9b690879bb229e6b19cb2b755c4efe5b,0x570febdf89c07f256c75686caca215289bb11cfc
418,-92548390260243841024,0x803d4d168976f40d1f5b561bc831effa8289e732,0x670c0f67a4dc05b6d482c3ddaf0bcb8a20cdc304
419,-74900470701745291264,0xeb79561a4ccd197941b40fc6625ffe3b47920f08,0x6ada49aeccf6e556bb7a35ef0119cc8ca795294a
420,-24348416366911148032,0xe72994419480d9a0b3ab38e53ef7d7c28c48193d,0x974bfcc7b25f979950b58ce0cf8d9c621a9c771e
421,-26475580212933226496,0xedf7b675a2fe3c27efb263fb4c204a3f0fb17d46,0x8d2a4cc2e2ca0f7ab011b686449dc82c3af924c7
422,-5219470051602719744,0x53797a73169c9cec4b573db7139703152fe9e41d,0x46af8ac1b82f73db6aacc1645d40c56191ab787b
423,-3297114411526151680,0x53797a73169c9cec4b573db7139703152fe9e41d,0x974bfcc7b25f979950b58ce0cf8d9c621a9c771e
424,-7904221817209997312,0x48e4d3a215f3b9fadd512f30ff54f3f458b5344e,0x9c5de3ad97b95a0da09fd0de84c347db450cd75c
425,-4482395795359080448,0x2c5936f28cb0afc737510232bc013e7103f97b64,0xf20ef17b889b437c151eb5ba15a47bfc62bff469
426,-13988089261037809664,0xeb79561a4ccd197941b40fc6625ffe3b47920f08,0x85cb0bab616fe88a89a35080516a8928f38b518b
427,-7668338240092271616,0x6e961dc655153d651490a44b178647ad6ff0df5a,0x15ab0333985fd1e289adf4fbbe19261454776642
428,-110780757510465814528,0x185c034bdc0ca1d66dc75650d33dea190315595b,0x8ae720a71622e824f576b4a8c03031066548a3b1
429,-182113769240091590656,0x185c034bdc0ca1d66dc75650d33dea190315595b,0x8ae720a71622e824f576b4a8c03031066548a3b1
430,-81201236712758378496,0x803d4d168976f40d1f5b561bc831effa8289e732,0xf956cdc8f43637f34f4be368fa1cb7da01d622be
431,232225298062151040,0xb6631e52e513eee0b8c932d7c76f8ccfa607a28e,0xa478c2975ab1ea89e8196811f51a7b7ade33eb11
432,116282055650804000,0xb6631e52e513eee0b8c932d7c76f8ccfa607a28e,0xb8172076ceb35b6701f96eb9088818efc010bd44
433,23859573317184716800,0xe72994419480d9a0b3ab38e53ef7d7c28c48193d,0x974bfcc7b25f979950b58ce0cf8d9c621a9c771e
434,255942499428349739008,0x094a9009fe93a85658e4b49604fd8177620f8cd8,0x7ce01885a13c652241ae02ea7369ee8d466802eb
435,68721844584201502720,0x094a9009fe93a85658e4b49604fd8177620f8cd8,0xffa98a091331df4600f87c9164cd27e8a5cd2405
436,40935198329054339072,0x4824dc193dca8fe6c0bad6dabbc7385acff10e53,0x24b24af104c961da1ba5bccce4410d49aa558477
437,41507459554325839872,0xa9719c3d3df92eb21fc1fdeb0b37c15c5dac47a5,0x6e8abba440a58421f5eec9892b19c1a72c55c992
438,10286950221637453086720,0xe5a8654631b3729f73ca3503ba09a5d3e11b46da,0xda3a20aad0c34fa742bd9813d45bbf67c787ae0b
439,289709965227737120768,0xffd70ed81bd9eefe8d0ef4cbbfafb40c234ff957,0x8d2a4cc2e2ca0f7ab011b686449dc82c3af924c7
440,123975916423947403264,0x18f768455e7f5fb09fc491fd86bcc282bcdd5973,0x0c2445bec45c443c58f44f8e0a5796960e052d63
441,35229975286385,0x1ca43437430d1845f5ff43bf73d36568d00740c7,0xb20bd5d04be54f870d5c0d3ca85d82b34b836405
442,936954640244864000,0x1ca43437430d1845f5ff43bf73d36568d00740c7,0xe7607a563105f7dba8beb87ad7f5b3a9ec793958
443,432521477890582183936,0x1ca43437430d1845f5ff43bf73d36568d00740c7,0x5d2c95651e0ee953b9abd8ec47ce2a165c852ae9
444,41228968933950111744,0x5acfbbf0aa370f232e341bc0b1a40e996c960e07,0x0c2445bec45c443c58f44f8e0a5796960e052d63
445,3941671542769319424,0x8e26530e1d3ce2e31322ff12ddf27a65cc2bd92a,0x9c4cc862f51b1ba90485de3502aa058ca4331f32
446,348927402964956,0x83334ef0c6f6396413c508a7762741e9fd8b20e9,0x02cde6be34a59ff01aa532d56956a3c339c26322
447,36265238032516145152,0x83334ef0c6f6396413c508a7762741e9fd8b20e9,0x3a8afc58b70b34a0a5615d3a5ffe623ca1fa92b8
448,40431510981375942656,0x4d569abc3d7ab699d65832ac1a3b376592b33de2,0x1ffc57cada109985ad896a69fbcebd565db4290e
449,19535206903534895104,0x83334ef0c6f6396413c508a7762741e9fd8b20e9,0x276e62c70e0b540262491199bc1206087f523af6
450,14158362174824937472,0x83334ef0c6f6396413c508a7762741e9fd8b20e9,0x1ffc57cada109985ad896a69fbcebd565db4290e
451,23024915021009367040,0x83334ef0c6f6396413c508a7762741e9fd8b20e9,0x2deeeda49e5436cfe18e0ba10f58e4496b8fc631
452,603041826967351459840,0x1ca43437430d1845f5ff43bf73d36568d00740c7,0x5d2c95651e0ee953b9abd8ec47ce2a165c852ae9
453,-755464237309956352,0x1ab83223ee734ea5151e345841c4cfdd34c67d3c,0x3fd4cf9303c4bc9e13772618828712c8eac7dd2f
454,-1363722564919145472,0xbd855a0c8066ed7ad4892787b421c25e6e0902f6,0x9ca8aef2372c705d6848fdda3c1267a7f51267c1
455,-105557458778285506560,0xeb79561a4ccd197941b40fc6625ffe3b47920f08,0x1037fa1f40b69c9266c4aeb2abcedc7553614b4c
456,-48855072798051737600,0x803d4d168976f40d1f5b561bc831effa8289e732,0x9c4cc862f51b1ba90485de3502aa058ca4331f32
457,-27020450815020666880,0x8a4b89d76a1a745a4a1adebd3793253fba0adadc,0x819f3450da6f110ba6ea52195b3beafa246062de
458,-15072407836703930368,0x094a9009fe93a85658e4b49604fd8177620f8cd8,0x9c5de3ad97b95a0da09fd0de84c347db450cd75c
459,-403214868964528832,0x4b3d3b57b86b03614f78d5d8fe27a2d85e4c8fa2,0x8d2a4cc2e2ca0f7ab011b686449dc82c3af924c7
460,-63058136180039368704,0x803d4d168976f40d1f5b561bc831effa8289e732,0x213b02e31fd17d631e1d7207ce5957552990008a
461,-2289294867686749696,0x5c389ac09711415d861cf88e4f4235a223180977,0x9ca8aef2372c705d6848fdda3c1267a7f51267c1
462,-739910032128701312,0xff274170fef74eb2f181f900c3f14978a5c6a35a,0x73e02eaab68a41ea63bdae9dbd4b7678827b2352
463,-25934116837092909056,0x0e04cab2146752790f9d4a7d68806d0531f967ca,0xaf31fd9c3b0350424bf96e551d2d1264d8466205
464,-81470214868091656994816,0x803d4d168976f40d1f5b561bc831effa8289e732,0xda3a20aad0c34fa742bd9813d45bbf67c787ae0b
465,-98782448114517868544,0xeb79561a4ccd197941b40fc6625ffe3b47920f08,0x1037fa1f40b69c9266c4aeb2abcedc7553614b4c
466,-11864050071036289024,0x6caa5c6b9b690879bb229e6b19cb2b755c4efe5b,0x974bfcc7b25f979950b58ce0cf8d9c621a9c771e
467,-28745803575530897408,0x4754906bc6f580e821c6975822eb7c123a0ce578,0x24b24af104c961da1ba5bccce4410d49aa558477
468,-40268323249719437426688,0x803d4d168976f40d1f5b561bc831effa8289e732,0x811beed0119b4afce20d2583eb608c6f7af1954f
469,-93211592772068818944,0x4754906bc6f580e821c6975822eb7c123a0ce578,0x7ce01885a13c652241ae02ea7369ee8d466802eb
470,-17865931440800856064,0x4754906bc6f580e821c6975822eb7c123a0ce578,0xce84867c3c02b05dc570d0135103d3fb9cc19433
471,-1473134101723807488,0x4754906bc6f580e821c6975822eb7c123a0ce578,0x9ca8aef2372c705d6848fdda3c1267a7f51267c1
472,-13055475775669923840,0x4754906bc6f580e821c6975822eb7c123a0ce578,0x9c5de3ad97b95a0da09fd0de84c347db450cd75c
473,-68722294817670193152,0x18f768455e7f5fb09fc491fd86bcc282bcdd5973,0x9c4cc862f51b1ba90485de3502aa058ca4331f32
474,-125134600408611634020352,0x5c389ac09711415d861cf88e4f4235a223180977,0xda3a20aad0c34fa742bd9813d45bbf67c787ae0b
475,-24959391450916663296,0xeb79561a4ccd197941b40fc6625ffe3b47920f08,0x24b24af104c961da1ba5bccce4410d49aa558477
476,-6121412397539974144,0x83334ef0c6f6396413c508a7762741e9fd8b20e9,0x8d2a4cc2e2ca0f7ab011b686449dc82c3af924c7
477,-45857080973784732663808,0x803d4d168976f40d1f5b561bc831effa8289e732,0xda3a20aad0c34fa742bd9813d45bbf67c787ae0b
478,-8210272991313049600,0x094a9009fe93a85658e4b49604fd8177620f8cd8,0x9ca8aef2372c705d6848fdda3c1267a7f51267c1
479,-69205664557190053888,0x094a9009fe93a85658e4b49604fd8177620f8cd8,0xffa98a091331df4600f87c9164cd27e8a5cd2405
480,-268567100359735869440,0x094a9009fe93a85658e4b49604fd8177620f8cd8,0x7ce01885a13c652241ae02ea7369ee8d466802eb
481,-23368997000650982162432,0x5c389ac09711415d861cf88e4f4235a223180977,0x5d2c95651e0ee953b9abd8ec47ce2a165c852ae9
482,-14659804537145036800,0x83334ef0c6f6396413c508a7762741e9fd8b20e9,0x797e1dc0738f2f047d7e0dd185e41a35f87c5618
483,-25843717225132163072,0x83334ef0c6f6396413c508a7762741e9fd8b20e9,0xa886576fed10723401386697aadf777e1d4bca05
484,-412767032482276179968,0x429a635ed4daf9529c07d5406d466b349ec34361,0x478893fcbfffc3283fece2a216229e1c34093980
485,-15484602098772803584,0xeb79561a4ccd197941b40fc6625ffe3b47920f08,0x9c5de3ad97b95a0da09fd0de84c347db450cd75c
486,-1105317990904407680,0xe070e13c4af740a93109715b0c7c2ba7c30c4ef2,0x874376be8231dad99aabf9ef0767b3cc054c60ee
487,-4726959569835808768,0xe27c950fa19df1bf09ab2fd9831dac620045fada,0x85cb0bab616fe88a89a35080516a8928f38b518b
488,-43524239860595400704,0x9388b5cd49b1ebb9d5c10900b724aa6486bf0a59,0x6e8abba440a58421f5eec9892b19c1a72c55c992
489,-1231883248082415360,0x83334ef0c6f6396413c508a7762741e9fd8b20e9,0x874376be8231dad99aabf9ef0767b3cc054c60ee
490,-63808126805997993984,0x83334ef0c6f6396413c508a7762741e9fd8b20e9,0x8f1c582b85259f7bbdb8c093f58268131a4ecd87
491,-45300036848717796474880,0x83334ef0c6f6396413c508a7762741e9fd8b20e9,0x5d2c95651e0ee953b9abd8ec47ce2a165c852ae9
492,-12329452131249924096,0x02b6bd2420ccadc38726bd34bb7f5c52b3f4f3ff,0xb13201b48b1e61593df055576964d0b3aab66ea3
493,-48758577987716766498816,0x83334ef0c6f6396413c508a7762741e9fd8b20e9,0x5d2c95651e0ee953b9abd8ec47ce2a165c852ae9
494,-115604151395756064768,0xee1f07f88934c2811e3dcabdf438d975c3d62cd3,0x1fbf001792e8cc747a5cb4aedf8c26b7421147e7
495,-388651112578788818944,0xee1f07f88934c2811e3dcabdf438d975c3d62cd3,0xe5c5227d8105d8d5f26ff3634eb52e2d7cc15b50
496,-65016907363402391552,0x83334ef0c6f6396413c508a7762741e9fd8b20e9,0x8f1c582b85259f7bbdb8c093f58268131a4ecd87
497,-35264318419408310272,0x83334ef0c6f6396413c508a7762741e9fd8b20e9,0x1037fa1f40b69c9266c4aeb2abcedc7553614b4c
498,-45992339310317862912,0x83334ef0c6f6396413c508a7762741e9fd8b20e9,0xe7607a563105f7dba8beb87ad7f5b3a9ec793958
499,-34516267089058947072,0xbd855a0c8066ed7ad4892787b421c25e6e0902f6,0x7ce01885a13c652241ae02ea7369ee8d466802eb
500,-304998055957909376,0xb0532587e4ff1df79331e36ca519a4589cc91e9b,0xdc3e94ddf605864b79fce18c7cf974e579001e7b
501,-20574226422571421696,0x4d569abc3d7ab699d65832ac1a3b376592b33de2,0x1ffc57cada109985ad896a69fbcebd565db4290e
502,-51230475760489,0x787b4b7ffef8eddad54f311039acf4c36fec9593,0xf58d2bacbc68c587730ea0ce5131f6ae7c622a5d
503,-4070969348505671680,0x48e4d3a215f3b9fadd512f30ff54f3f458b5344e,0x85cb0bab616fe88a89a35080516a8928f38b518b
504,-19660793316296089600,0x83334ef0c6f6396413c508a7762741e9fd8b20e9,0x276e62c70e0b540262491199bc1206087f523af6
505,-373723774901565259776,0x5a39e2d5a81fe9e630ee574df446b78f742f5d9e,0x9973bb0fe5f8df5de730776df09e946c74254fb3
506,-325245353828665393152,0xa511fde14e89bfbaff3a6623f3dd1cca98defe3d,0x1ffc57cada109985ad896a69fbcebd565db4290e
507,-41120788556262031360,0xe690341e50dce63c764ce7e0a6e923349d77ae2f,0xfe903a12359496b932e24c5e9b78f1b9060a6342
508,-65560908048768606208,0xe690341e50dce63c764ce7e0a6e923349d77ae2f,0x3a8afc58b70b34a0a5615d3a5ffe623ca1fa92b8
509,-9952252384177297408,0x83334ef0c6f6396413c508a7762741e9fd8b20e9,0xee9b50b74a132912cf55e7699ef3aa7ae2b00e0c
510,-219568903216320,0x1ab83223ee734ea5151e345841c4cfdd34c67d3c,0xc0067d751fb1172dbab1fa003efe214ee8f419b6
511,-8174503179060912128,0x1ab83223ee734ea5151e345841c4cfdd34c67d3c,0x1273ad5d8f3596a7a39efdb5a4b8f82e8f003fc3
512,-10472512833912086528,0xef7b11bb7d88d3b42e866fd40d0a974c9ed78188,0x4dd26482738be6c06c31467a19dcda9ad781e8c4
513,-66980820393825173504,0xd041c41ea1bf0f006adbb6d2c9ef9d425de5ead7,0x1ffc57cada109985ad896a69fbcebd565db4290e
514,-12528048111702173696,0xd041c41ea1bf0f006adbb6d2c9ef9d425de5ead7,0x8d2a4cc2e2ca0f7ab011b686449dc82c3af924c7
515,-42292416819661955072,0x83334ef0c6f6396413c508a7762741e9fd8b20e9,0x1ffc57cada109985ad896a69fbcebd565db4290e
516,-23245945183832727552,0x83334ef0c6f6396413c508a7762741e9fd8b20e9,0x2deeeda49e5436cfe18e0ba10f58e4496b8fc631
517,-36614158867780796416,0x83334ef0c6f6396413c508a7762741e9fd8b20e9,0x3a8afc58b70b34a0a5615d3a5ffe623ca1fa92b8
518,-721019545394523,0x4824dc193dca8fe6c0bad6dabbc7385acff10e53,0x0d4a11d5eeaac28ec3f61d100daf4d40471f1852
519,-42448754788602601472,0x4d569abc3d7ab699d65832ac1a3b376592b33de2,0x1ffc57cada109985ad896a69fbcebd565db4290e
520,-47409550911055601664,0x5a39e2d5a81fe9e630ee574df446b78f742f5d9e,0xee9b50b74a132912cf55e7699ef3aa7ae2b00e0c
521,-19673007576403558400,0xeb79561a4ccd197941b40fc6625ffe3b47920f08,0xce2cc0513634cef3a7c9c257e294ef5e3092f185
522,-1573974059555,0x51bc9862ad17023fa88435f51fcaa6e677b2ca97,0x291c69fdaebd3cbe953843da243f8605a766a268
523,-23505487492793634816,0x6caa5c6b9b690879bb229e6b19cb2b755c4efe5b,0xf956cdc8f43637f34f4be368fa1cb7da01d622be
524,-3278306415618,0x2d8eac24e31e260ced8e2a115fffe5542584ee47,0x0d4a11d5eeaac28ec3f61d100daf4d40471f1852
525,-52646775249875681280,0xb489d3a64835df17e1e2c9f5639c39964bbea724,0x7ce01885a13c652241ae02ea7369ee8d466802eb
526,-2732912097169334272,0xb126afa1075bbfbbe49e8321c6016f9b7ce5ca13,0xcffdded873554f362ac02f8fb1f02e5ada10516f
527,-22844133534021058560,0xefd031f59aa89cadb722ed2076d39877c3b512ae,0xa886576fed10723401386697aadf777e1d4bca05
528,-3283338889941638656,0xefd031f59aa89cadb722ed2076d39877c3b512ae,0x6e8abba440a58421f5eec9892b19c1a72c55c992
529,-22292293425610784768,0xe0fb7066fadf2e4dc586f4960afcc035fe1cab05,0xffa98a091331df4600f87c9164cd27e8a5cd2405
530,-11219895521379434496,0x1e771be65ea88b61bdbc880b89632900b59f0067,0x6e8abba440a58421f5eec9892b19c1a72c55c992
531,-11212929087636953088,0x744324fa17fc548b4e258c0b19389f125549e047,0x6e8abba440a58421f5eec9892b19c1a72c55c992
532,-11652344801279756288,0x3cf83006047eb84410c80fe77990043c148a99ef,0x8f1c582b85259f7bbdb8c093f58268131a4ecd87
533,-34173174005287796736,0xae74d4af5310170f8b2c0227b0c8ca70c8e2c78f,0x1ffc57cada109985ad896a69fbcebd565db4290e
534,-1198997857985451008,0x97e57c2c1120e4559083964c69674177b0878fd8,0xdc3e94ddf605864b79fce18c7cf974e579001e7b
535,-134497661319595687936,0x42ecfc3b1e2b76b8aaed9bd097ba9a316c38e1ea,0x974bfcc7b25f979950b58ce0cf8d9c621a9c771e
