,0
0,0x1ab83223ee734ea5151e345841c4cfdd34c67d3c
1,0x83334ef0c6f6396413c508a7762741e9fd8b20e9
2,0x096ca3674329bb66dd7cc14d1511dfb7728b9193
3,0xd041c41ea1bf0f006adbb6d2c9ef9d425de5ead7
4,0x7bc30ee93a5391ba8c7607ad43d14cdaf0100e6f
5,0xd77c1cd79de21633781b8804c631a0a021a72829
6,0xa64cde11df892bd2705f1a230acc5d2bd6ada8a0
7,0x6caa5c6b9b690879bb229e6b19cb2b755c4efe5b
8,0x2ee3e402a0061ca0ce098921e3976376619c9099
9,0x133d93566f9699b3af46fe150daa8a67a9563ed6
10,0xf44b95991cadd73ed769454a03b3820997f00873
11,0x280a8675cf1d930c638f4f9eb9dbe75823801d5a
12,0xb126afa1075bbfbbe49e8321c6016f9b7ce5ca13
13,0x1f62e517b74904fb221c3eec6cec954473a89514
14,0xd7078d619c99799e68e0b44119d6da1c0367e43a
15,0x5614c3f40dab746fe0ed13fe9f3d00b6578e2dac
16,0xf381ffdfc936e8324853007beba02b9845971412
17,0x5c99b96cb5b798a1825549ac0a3bd4c5a0642df1
18,0x24f8d92794a283b454d1fc32722f51a4f3bc1ae5
19,0x32a59b87352e980dd6ab1baf462696d28e63525d
20,0xa4c21aaf21f03b9f090b6b7456deabdad6369556
21,0xec8b3a6ce035616090d20224c44030f6480d7da9
22,0xb6e34a8a93031a24c264be59d0bac00bcaef9051
23,0x81d98c8fda0410ee3e9d7586cb949cd19fa4cf38
24,0xa59e113fbef3b4129baef6b5355dff683851afa7
25,0xd7b0e80307f62833b461d0bb626930ed9de9302a
26,0xf92862996d61b256e5148a29705eec4dea8b28f9
27,0x2f2d4dab902d3c79bb71195da9e62ce2ebe3864f
28,0xe69ab8b2fa3d291c07e9b0ef3389a2ac2f26dee2
29,0x5b338fab2b2c361315e3595bd6595ac08c03771a
30,0xbb6d0f322e01dc60108a3bbd568ebae3e558c724
31,0x923307b1e140b11698c940910fcf9cab89ee04f1
32,0x61751bc401f4eabe10a238661b4a60ba84910059
33,0xd4ca3a2f1046b845aad5fe16211fd1686421e175
34,0x2210dc066aacb03c9676c4f1b36084af14ccd02e
35,0x4fc7ffb529c2022a808552b28f70c0aa471a5b2c
36,0x6892f1aef88e9c949c878c041da3b41ae8a0a3dd
37,0x1a1947318d09199c6c198892072b1d0f2f306f87
38,0xf2bd2ab4f71560181e1002dde444661f6d5ae83a
39,0x53c40473dcdfd927c4201ccfe24e314a7d7c3584
40,0xff87233a4fb94cc7916c3e199500df93b8fcb2f3
41,0xc68de0c5caca623ab519bc129de604a77814a4e7
42,0x89202f7415e053db1a816b1bcbfba35a3b7bbbc4
43,0xb946cc36e1785546e2c87bfc956134cfb988343f
44,0xca7a6a53d5576102765a0281c723f863d881dc96
45,0xf8e58bb6d7897441c2b39d0fdf4d72a2635d8f0a
46,0xf90a01af91468f5418cda5ed6b19c51550eb5352
47,0x64f8e38e19c1b6992969dcd5769c149951018af1
48,0x797bc498edee4357a16a1054db0323cbd04c84c3
49,0xca9ba74ee20917211ef646ac51accc287f27538b
50,0xd711ffb97f1031bbf499fc849cd000292c20bbcb
51,0x08c91b9d1927c23c000b47441c656ed8eb6c9867
52,0x89db10868fca68b529d55620d0e88ab4bf519f95
53,0xae1692d8d045716c948b707550e91dbd2c55169a
54,0xd2a7d8ec1466cb3c531eac23819ca9fc249f35d8
55,0xb2f1e88096afbfcc5204cbfa5553264157fac51f
56,0xf7b10d603907658f690da534e9b7dbc4dab3e2d6
57,0x9885247667560796c88d385c609619a8de1ac1c4
58,0x3598ed2969984ad70141398dedbd65967ab7b0a0
59,0x18a428ce0c31584a21cf8cefdb8849d8013e1994
60,0x21eb12c79944fd891e57cacdf9d20ee0fb8f4d7b
61,0x16910c4ab223e2ae1b9080635c1e38b150a6c500
62,0x090ee38080c5042b6ce147ece13a1a140432fbcc
63,0x94be7dea60d78d5410bcdc3182afd948a38f85fe
64,0x3727321b9b1318c2716b743e4eea28e0c8fc7f58
65,0x6e4985a5d8f671edce0caaef585ee80f7c073219
66,0x5f8cc1c7031dfa241cc83e79dcc75998f5f3b3bc
67,0x47730b4e512f0cd5e6f8057b61032c63c007017d
68,0x7ecd9a6364fe493f5ea902851243f24622a3078b
69,0x84861b33ba6c7ae0dc01e0e3192e74d133d9a13a
70,0x088116a903b1546e011bde600f721da794240f80
71,0x1adaf09287235f21b5a4ddc3ce29dfb3c596f034
72,0x0da8b29fd79719243f42e58232a4679391d96afc
73,0x4c3b9decc02d02c7a9e437cc7ea5284743391d6b
74,0x62efdf7503fdbd493b7ce08899fa9820ec1310f6
75,0xb34bb0ef8e6ecd87a9f998dd37861d05216d88be
76,0x93ab7580493da8e78a31c31250d3c5524b7ffd0e
77,0x376a46322c00c583e7fbe5881cee27fc218069c6
78,0x1ba65a907df9c4f77622e37efef695041e0eca45
79,0xd85c5377ae75553d1fb84c5ecc48cd10ae7603af
80,0xab7b7ff0e3103d0ab5d87aa4f1988789bee3e504
81,0x2ffe1cebbd2e6934f1a9e2bc4a0940d8c78cff6d
82,0xd1f96696eb7a3727b9faef8929e288f4e98aa8df
83,0x7948c307638e84c0156887d54f770c562f031f3f
84,0x84f918ba377cbd0385b4ef28f6b2b6d7e9b54a4b
85,0x74331200c0dac6773b21f9e1d28b5fd32e202f46
86,0x789840a82504679ccad5c150cf138af87a45bdec
87,0x908e8e8084d660f8f9054aa8ad1b31380d04b08f
88,0xf0130905165bbea6536b53b3653fa2361133f04b
89,0x1ced2cef30d40bb3617f8d455071b69f3b12d06f
90,0x902cda4aa16ea39b7da7a10e5ae85716aeb1d6c3
91,0xa6585b22c2c7c92e80c33bb6620e2869bad08cf5
92,0x84ba38696f4f2dbcb88ec2c5f82d24a074d2e6fe
93,0x08e5f4670b8e70fe77d952ba0fbbf9f4762aaf73
94,0x333f5e56cd59c5efd5717321a6baab1f6edb9f63
95,0x8f676ddd0e2cf1ec4047546b7d7c24c6a723dbb0
96,0x959ebe8861481e0bc21b37444bef96167bad5834
97,0xdb4a050be2afa534da940267c3e95ddb17a6ec5e
98,0x6940bb330734845c1bc1f7daae8a26c416ba598d
99,0x138f66b1f3830ad6485a5ba9c85d22c582278d76
100,0x52f104004b0eedd1cb5c2501f1bf65d54a43db50
101,0xce41ba0a6c56c95c5fac0990f829ea7275ef9df3
102,0x7a82b9cb5c399ac27a34aed52f0d4b33ae2ce0c9
103,0xc0b72b37515266f7b04cb031f9e2aac33597e42f
104,0x2536ff21fe80ac629ef82228307e4538bebfeecb
105,0xfca1529b51ab2fe1ed65203bb04faa9e993fb149
106,0x05e09b56ec91620f9bab354c573712e446f8eb11
107,0xae74d4af5310170f8b2c0227b0c8ca70c8e2c78f
108,0x40ede963b22e506380c0f6a4fd32b17b9fdec43f
109,0x9c4d592042f959254485d443bbc337d29572264f
110,0xb222752ffe62812ee77aa06f8f7d3afa768101e7
111,0x9a09c649e5268bf5cb414be42b278a07513f948c
112,0x003d071581978d3aea28faf82947db95fbba285b
113,0x369987decd26db2b72c1218ea6692b79fde04d24
114,0x710f08f673365ee3891599f39cbe06dd40cc7fa9
115,0xe12f2495fc0f6d10e4bfb404fd048a1d44809e1a
116,0x125b1795a5341acfaf0522fd2b28dcce2207a7d4
117,0x9002ba6b470784828681469113dfa1909ed9dc0b
118,0xe4201eaeb2f31d0d8321aef77936aa403a4ccc25
119,0xb3f8ff3a21702f682f7b811a44e33fac5dac7805
120,0xfe0d6838338d62709c0afaae9cfc36bdf8964c1e
121,0x18555eec7c90067ef130dbc727276b2d757604e6
122,0xea488f7e1716e4e08baab42c64572fb7e835d9e4
123,0x37ada002bd4de4eabc25c6961cc185467b611685
124,0xd6926be19705147adf5f4fb06322a5b46ba3a9cc
125,0x2ec7947f3ac9aaaa44b53640506cdc9d848d9489
126,0xb10be5cbbf9655ed3648184ade56d3b4d6cedd4f
127,0xe29eca6437dd8f39faa01fa74b6eea0178d3bf77
128,0x7bd65903d1e84c646231252ddaa4b54ada32950c
129,0xc2304ae327de6ae33182f4078ae2ba87c8f8c4c4
130,0x7ff6bfdb179642add18bdeb473ab4a8a1e2368ae
131,0x445bee2a9f4a8db33139bf0fe8a9c6eaaab939d8
132,0x822e0195e1281cedd71721bf6ea27fadd1bc4232
133,0x69e8b735ef83581de92c2618a1cfa55c05ddafff
134,0x7e5bf9f06dbd4084d10b3b725af2b034555ae044
135,0x6b5e8a38debb1c02e9fe852c2986d78b52877eab
136,0x62b280c2f99924918cf72b3dcd6dd6141183cb7c
137,0x950e5bbdadf252609f49b2cd45222cd3280f35d6
138,0x975eb4f8dbf8aac8b8fe830991f9071f44a5fbf6
139,0xadac73ce5fa81e674b1ea1502f9183053d09f31b
140,0xc64e3659463a278677892cced595ce88f914c8c8
141,0x52f8b09fac8e1b7d7dc45643ca27d0f573814ab8
142,0x834d222a5f3a3875b5440d8971cae1f856e6e28f
143,0x114a4b3b0640e2b4235b0897ab343a26c97c8d14
144,0x7e9b3f5a1e3e148064f1a8474e7e0684859687b6
145,0xa42d356fcf34a47b8f6d644aa700faa240702b20
146,0x879b1ecb70639ff3ad6f219a9382d27c4023f483
147,0xfdfa050f19028c93c54bb75cb44cf3e45e3f411e
148,0x8c5ee5afe1e3ce261e312fc0edc2a4b6f0f49338
149,0x4b663d3b37f4c710c50e393693bad5d31c3b664d
150,0x3eb7f9d036de12740136dde90727c9dfe2b8ed42
151,0x90f440e449c47f4caf78c62c131dfc38ab491d4a
152,0x791ddb04d6f45b8ce73ec30f84d294fedc1b1348
153,0xe093ea5f7765a822309a92a5c2123f78dd9fcd0c
154,0xd2033db9c5370ac76abd80823b5c5adc097e2fbf
155,0xd25891cfaf13c9ca8a102709261da2ffd0fb0a1f
156,0x5c29e2143a07f0b20a5881e1a353f95140c73d83
157,0x7a125bc6c77c295127a9102116d4bc1b58729428
158,0x9fbd66b159060eb7853760af16041e03694125b7
159,0x64115952aafeeba2d8006f54c49669afdbd860b2
160,0x5385b0530eee346597d128281837a959aaf89315
161,0xcf8de46a0ea2ecea31f0e1f1e193df8a735afea8
162,0xee525a275d1f54c22cccf1a3314f13c712d7f3a8
163,0x4bdcba858dca35ecdc2a61bf0db4780e19a2d7dd
164,0xd4f20f43eef492a6cb117c698c0a1cbba42811e4
165,0x28431a1446c86434ded04f7f8ba6808649329f4d
166,0x93a99170f1abc6be525f6b5a6b560c3dfe9c3fe3
167,0x6a9d63cbb02b6a7d5d09ce11d0a4b981bb1a221d
168,0x0ca9ef7f67e6ca559075164534f0a331640d7821
169,0xccbc524ebe1a9d7f0db3fbd10bc5c6e57768a28e
170,0x239873525f7ce94dabe5acc4e8bded38103a415b
171,0xbd1f7d88c76a86c60d41bddd4819fae404e7151e
172,0x93e47c73be10c8aa39533237d6f02d4449d57529
173,0xb2dd985116db690461fa28e03ba2a08a60af90a1
174,0xe356e7af80b8626a2b6ec11c32ad936c50a98a92
175,0x9fe686d6facbc5ae4433308b26e7c810ac43f3d4
176,0xc2d598b37ebb306bb125eb99ad37f72fd97496f4
177,0x6a1e17e9a94c149aeaf27ddddaf8faf5183a2eec
178,0x678aea1a9491086cd97429871cd133d95383a92a
179,0x1502f94575fa4fda22075f156a854b55495dc234
180,0xe0ce875cb3bbfdff6b98d685a552ec60ace9f2f7
181,0x432cda1bdf599ddb69873ced806da13df0375f8a
182,0x8fa2c16cef3490a5e8f8e345c0b8e87365629022
183,0xae2041045be9ec3557ba3ba2d814da98f30ab7ca
184,0x2e1e71b6f46459692315cbc944fc3be220516fd2
185,0x7d29e51089f313a57f1492ac615c0f1fbe8f153e
186,0x54733e949758a8ba9b8f2d4519d91e44aee561e3
187,0xfef1a211d28c2cb2e8a1799b3bf8a0770e857ec0
188,0xbc9ebc2469c0fc4a9fa526d1a086d9696536c972
189,0x31bf118033be5715523c42c91f83dc9a560d6420
190,0x6bf503e9b07e8c6fa8bab3ed0ef93bf013f09fdb
191,0xa22e567b57af7bd580d74e3fa3066d2ba738d192
192,0x40a4fce89b26e924a3b5f13a91e78a5dc4944a45
193,0x1dfbef42586852ad2d859ed717c8313de59e1dac
194,0x6afbb755a0b773ecb5852155aac28d7127f60ad3
195,0xff1de14e334370e76f3e178a5523fb24c5389a45
196,0xeded6329942c2aa7e377d53cb4f3947f4043690d
197,0x4dc6d324b08ce8f1c7f2b9b8777c990e54fce943
198,0xdd252da0914be95743ce5ff3234c69e68ba4479b
199,0xea40b4eaad98da0058fdbfda40d31cf6fc0ae608
200,0x99fe1a841d59379acd34da92ad01cf4244e73475
201,0x45acfd8386faec75b44ae9c1450fc57c248f17df
202,0xde00b46fa146bbe09a4fc1f05e8dc906969338cd
203,0xfc15e7ef48a4224a85798551cc7b39dfbc93ad1e
204,0x8dd36c9d2f038533f3efeb20780fbde772a652f0
205,0xc75f1ad2eaef79b729c8dd8bcbaeddd893f5a761
206,0xf14679550959f48e926b9a209339a05ab25c4a96
207,0x6777529d538c57d6cc6d46da4610758245470dab
208,0xe88f42474046183f2367066cd940e74ded8085fe
209,0xbf4d7d899aa90f5e5e54ec26bcbe351f582f2a7f
210,0x4b4fb8336ed5e31ab7908a7d62c58a6596f0e547
211,0xc1c560f37ccdea19a2da80e8ea656ac724ef49f1
212,0x51f530d9b129547c953869a0531106f68c33994d
213,0x8aa4e298aaea6c8e5ccca0804e9cd517aa7ba28a
214,0x0c9b9ec9d0eede69752f6d167ec747b8be3798c7
215,0x0d003501d74ee049e1ef612ef1a611b9ce1e525a
216,0xd2839cc657c9360d9655fe279d3b65ad85f63e46
217,0x2ef34469fe0883c424c5510c264f4c23495d9963
218,0xe82542051b5e3ef94ce93c7a0473082dd3932bd5
219,0xff36b9cb75c9178841d8b75baf9776bfa59fbe9d
220,0x6ae8c2812447c23c8b721011d40fe1448e1e64b9
221,0xd30391e21741c54c32987bcfca3d880e6d261cb0
222,0xbedf706e3fae9c492e26e95f7c07a8a8e8c2cd48
223,0x4a9067c7771c0dd95d4d3e656989842655b6ca1b
224,0x5a500a9ebdbb07f88a233b7c1dadb1c1e82dd72b
225,0xb34132c542ec0280026a2eaa846ef9458d4036f0
226,0xfb38d94a509974ea628f8121deff287782d096dc
227,0x7252653dacbd58ef8699402f9b322781049324fe
228,0x9d5afb5eb3a6fd0f54372b558443ede3a204267d
229,0x96e589b5a3cde790e335d0033a4adedd57e31d4d
230,0xecb59e4468c6f5b85dd20f40de6bb497ff5212bb
231,0x86a7a1d417692cebbc46d46c14269f94e53c2c2d
232,0xed4619dd449f1bc6bbe050abe5c7e08dda51448a
233,0xb6399a1076a3754c0015fd6b3cd29906ec47f353
234,0xa9eb7b3322dcf5a197cdb46df42707b16469b682
235,0xbbd6c7b22910c83d8bc48ac0bba2c8923666d0ac
236,0x851064900dcb11351e53a39e5af340e9fc2b7689
237,0x558ffa49df580d912c557a203abb6d50425daa37
238,0x288134424520caadf321ad1a7dbd4f11665ea26c
239,0x7845979f4a313e33b4121dd8cbdaa04488c9bc26
240,0x994f1454e1e70e7cb2ebfe5cd577222e76f51e24
241,0x44b1d3ae830335b30313528d9859c5d8de3f5f5f
242,0x81c313da5c2cd2e325f7ecb409348911019146ec
243,0xbf5310fae4d7a0c6df0452bcda09aefa2748ad59
244,0xe94a2165073cafca7fa38cd1e37ebf603a82bc3f
245,0x9965df7129b6df20243a240e42ed95205bdfa9c2
246,0x1ca43437430d1845f5ff43bf73d36568d00740c7
247,0xa3f5b2be5de42da0d196dda0ba3320bc8b2f5eb0
248,0x644be8a25be30a21e2dffeae4fc43937fbcf3efd
249,0xff2779e68e24b725c625f514acb36736a23391e8
250,0xbadcd29dc8c8a5c39360c124b8f59a1539f9c2cd
251,0xbae885deddcebaf26c9badc82e1c0e7bf8b2408d
252,0x4bd70965452e835312f99a76b094913d75e8bd7e
253,0x9ded118b08fa9cab2413e366e1589167c066beae
254,0x20f3c88d39c03262efddaee16768e7a334ff2a3d
255,0x1f2e4876b7316697fcb9b5b7c46b80450d03e7ef
256,0x7d9f5398bb4c8967f71ba2e8b09bf2aa4746b809
257,0xea67521ba195bf490a5664497fd7b6f5bc0685c8
258,0x0f8361ef329b43fa48ac66a7cd8f619c517274f1
259,0xbe97e4261af0ade265c8836aa764833607447560
260,0x24ebec718be12e92bedef2d82bcd3c26c00b2c97
261,0x7b305f4b39965bef28fd16743123b8836e65fa3f
262,0xc4f681189fce5b4175c638cf03c52782267c6c66
263,0x1df2535cf0956abec21c4738534885d3849d6578
264,0x24cc63f253f6e0c3a65aab4721cf58f115c0cc5d
265,0x0f3aad7dc15f5873fc89d437a5d23c0d7c46ba99
266,0xa11f83cbb07fd0327415bd424b986132e009f643
267,0x2111fd020b2333385709259bedbbd5635ceaefae
268,0x4fe62c9735b59c8a1c6b6e10e657b976401a43b0
269,0x04c252241472f3ddb5dbc77017b3d84b425c3d1e
270,0x4ec5ac80991913b88035d6a0002e76c1418bf356
271,0x65b4f70084d86590c52d93cc9080e4f4d92ea61a
272,0x6941f1db178b46ceb547c724394da63f2b351463
273,0x07759bfb542723b5a89c5a927720bb8c299cd206
274,0x66339e64c3447f32251a3baf79bc7f4192fd1386
275,0xcfeba2dbf3b36666462d90c4eb12891ffcab3210
276,0x76e3465e648882d59982e30c562057e82949a085
277,0x6545ef7c66c0e010404f93b7c142cefc9b543d67
278,0xd202f97d25156757744c2176b86f11108c260695
279,0x1f28f2ef476178baa1bdd52a7dd666046d87288f
280,0x9074495c5de3ffe89a236cba05b28e0400f5a014
281,0x386c82b52d6e0dfb636c51b577577140cc1df4bf
282,0xb8fba17beeee54dcc7fa0ce0264e1b78db98e078
283,0x2bb965fde72c17936950e17db029dc4f4ed32059
284,0x9b616ac1d31f17be9b23560d93699ca7732e2808
285,0x574ec5a661c3eaa610438c4a249bcfc066c4a579
286,0xb6631e52e513eee0b8c932d7c76f8ccfa607a28e
287,0xef4ecbd00aa7188b2dc005f421e9c142699be8e1
288,0xdcb9255b740e6499d9f4db6225738b7ba9d2d0ee
289,0x00cf291c713f204b1ac03f86a8ed5d11acb4fb7a
290,0xd953ec22a7194f3505117ff6bf551c3146edaeb0
291,0x457af9266f8af3417d784c2291fc50b1249c2553
292,0x4a17f19a7b7fd329f97db116c2a09798f8c57ad0
293,0x166d8fe3471500b67a0eefa6672c6f2305e8a498
294,0xa825fec973cccc89656081ba9de7376092b8a2cd
295,0x9ac41e441131d8bad5f165c2a8dd71e5f7bfaea8
296,0x1014a66402ff5b51d86a527da1dbe96343bd9d95
297,0x6b0bf3dd3f83c1776769a87cb080ef370288f355
298,0x0550dec49ceb48508c847161bb2486fff347d6fc
299,0x64e1716eaa3bc708e9e3471975a64fd401c2e12c
300,0xdf7491ad32cc0e8e8bbc57c169824f97c694e4ff
301,0x046d349a609f57482f8fa411ea5c7b9963bd996c
302,0xff6789a716cf52a14071cfe8fe3aa2d675394ada
303,0x53797a73169c9cec4b573db7139703152fe9e41d
304,0xe630574f09dc001f770e9e1aa852c61409cbb8d6
305,0x2d8eac24e31e260ced8e2a115fffe5542584ee47
306,0x7c74305b99edada4fa9ad9ccbad2b0101bf97b36
307,0x8b659c4a605b906ef709e52f99d1acef35dce175
308,0x2515b754e606b9461fc90f9c5ab3f2df8767fbc0
309,0x79b1a32ec97537486e75d99850bd56ecfa09d643
310,0xca549e2700672c95aef8b93b4c36cebf429f73c6
311,0xfdea75ba02d3010e0353c53db4730ebb762131c0
312,0xaafdd768fa83ef7af0e19707f2be9d1db1924766
313,0x0e70fd4ea2a0063396fed52a999d64f661774be2
314,0x4291c64ca6524465361912847de6503a4029c88a
315,0xaa29624c8fc68ff76240cf0a73d1191bb91483ea
316,0x18131889b876ee2d883417ae3d14aa3dcee2a830
317,0x23118db7a1557cdf869c08c9e3d06d231893b16a
318,0x331c79fed41408af51741ef7494a403666e9a9f4
319,0xd15b6943e00522e642e0cd6e50fd7665b9cc2c23
320,0x02b6bd2420ccadc38726bd34bb7f5c52b3f4f3ff
321,0x0536e2cbd2956465b43d1b5c76a10537df988155
322,0x792a97fbe51ac086360021117f403954291ad332
323,0x1de6eec2c08830bbec7884f1fc6b502521ae2e54
324,0x7356ece4705bfbd926bc787ccc758fd9406283c0
325,0x2198495f90fbaf0f390ebace8152a1e7fbe09f0a
326,0x204a094db8fb2438a9001302e3e93d4d03b3918e
327,0x05c6959d997cde99d2f967367e5e9f1959ba9706
328,0x95f595def23bdb116e20fad80ca954710e695aa2
329,0xfeb37531c44701c48fa9dd4256dc0f97c9568cb9
330,0x870decedda55f2c24a081cbc68521bfd14274fb2
331,0xf817b6ea36e1d549c360b0f4a53ab1db2f77c542
332,0x5f67ffa4b3f77dd16c9c34a1a82cab8daea03191
333,0x67b8f491d0fb297caee871fc231d67ebf2c79e21
334,0x3b7a7674a43936e9f0d4aa98bc73f990cd726029
335,0x7d788d71afbabc2d65839387791528fca6fa3a5b
336,0x43befc4d62bb6cf213a2e9e0236211266fd15d66
337,0xbb0d56d2bc82d33ba8879ec3604619d32dd567b6
338,0x070a51f6ca8d8fcd75facc10b7d86e25061d8c20
339,0x8f0dd5c81eb7b6e790d0c484628e42f14415b1ec
340,0xd57cd6e42593245c4f8e0d9950e0fbff487892cf
341,0x8660406a6302ae7c726cb4f3c24442b8ba49748b
342,0xca69128671b5adb4c104942eeb5528e67a7bcabc
343,0xbc600d92b5eb535cfccb4450e84fd7b857e545ca
344,0xce3e03790a241780ad0b1767e483c76508df077a
345,0xa549219b82e232f57b637c47d87e9a5294d03cb0
346,0xbac1d02aa7b2605ff9938e48d14576d573b3b0ab
347,0x8ec5ece119876cf96f7c9309949ceeeb4d4364d1
348,0x381abf009456fdead35275f14d57ecb03ed71ce6
349,0x73211a2e76610a2ba34356486410a45cb3918b7f
350,0x3ebad0548687e6d4e8319f07119a92f698ba5729
351,0xe6cac0a84d4e903778b40b84784c90fa56a1fcb9
352,0x2f383ff6000618152baf610b3a3649c168e5431e
353,0x5503c12021b760c26f35df0c0c5a07d6e4c3fa43
354,0xc3baf091d7282ab739c8e478e0b1159e90f44220
355,0x359a2d3dd537eb8c767a783d21fde4b649bddb2a
356,0xe57514855ee9f398de3a7bf60bd87eb14b8b4271
357,0x2376820aa43290610ca48c3d2b9c8c90c22899fb
358,0x38d19c77ed313187f2ad96f96866e897cfeb7692
359,0x8ea1643bf736511451623064634144e7e2e2e8a7
360,0x8a29d4e52a23c69ecc705bce3cca0d2b42faa23c
361,0x815e2c87dbd02c21a782bda50777523f91eeeb78
362,0x6d9541314de4a5cb29a237836e945302e4ee85d6
363,0x741a27017b8d1b64e16cf8035e610c6a3208ea7f
364,0x1ed175e94fb34b3ffcc3c96b3b0d9879e6790669
365,0xb249e586295881102dc8e103ee501bafbe608741
366,0xd8acd844a53a3c572742151d055a7f7e8b2b4bec
367,0x56e5bca055dd1d99a3a4d7b601ac8f3ab5a06975
368,0xdb0f28c9f7d0f33b04d2a8ea24391a1527876d8b
369,0xa9f9bb5849fe1d1c64b0328c2b7750e0ebc83ca3
370,0x1a5fde765b6644241deb660d71a0bb57f9a18c2d
371,0xac032096a746bebb6b43fe13bd241fdecca4ac3d
372,0xbd3d0574a863648c022a37d3af788593e109981b
373,0xfa6d84fda8a36029b8dd46c5d2439d50ebac2e48
374,0xea611e681b294c2e2137ef14b782a9e80cc6a44f
375,0x351b7faa48f2f86aea651e05ffa3af5d6cfbad38
376,0x33a3f74a67e4c7908dd11692249e12bb39cc8222
377,0x5a3e6098aad5389d431ba61153abb32458a42bc3
378,0xffbf726c319c95594e034362cbfceed34ccbcce3
379,0x39cd2fc33ef4a0af592695660a062d4faee0d3a9
380,0x946b4f4cee003b15f98247d1615bec85a3658789
381,0xe9ca86b78686a5af0ac39cc3be976c95395b5b06
382,0x72e41004dec35381adb453dc63523197001c9701
383,0x9736af202f51bba5d9ec63921ba6491e5b9c144a
384,0x905c3f94a10ba6019e351f1f6c5312e3c594664b
385,0x9289a415604023bb68f1c6ea643e0e5862654b2f
386,0x33aff1c5a8b8415c6a3234c00898dd0487bef778
387,0xf16776a9f956b8380619cafe2d86eee69d539149
388,0x4ea08d2a5173c5cbf8f021a6839444cab3a4fcd9
389,0x631dc883cfc4fda4b90ac79f8f1b7af45b78e792
390,0x62dc3783108207ad56c8ef905f0996de90593046
391,0x385d28f86461e99ed2c660b546dde1b25dd7ab0a
392,0xe84132b9afb9c542dd8a89af4498b6670a14eca5
393,0xba5293c15e3264aa8b6f22f653e93b8847706f3c
394,0x16698d6bea830d6514d5bbd76feb7a2e89e54843
395,0x5806f6a4227c19fc44bacf8b94e20f05459279d3
396,0x982cba333fdaa98b34f986c13490c98b57050835
397,0x83cf5ae55de2c7a13a279fdc443d79abb0615b33
398,0xf157146ff1a225c437f7ce958ce1d2c13828bc41
399,0xdd726fbcff67f594b3a037e3d8490d92580af945
400,0x2492e498df2ca26c7fdc19dbed382811aa8c102e
401,0xd484e6e1ccbf93938ad78829b3d4d91618f4b3f6
402,0x3a3fd4a9d71540dfb20ec636a5d1dc534a89445c
403,0xab4ee3e9a48057bcfb2fbc8872dcf0273c115e49
404,0xf07cdab23124d5cf2897ec460d691c610103a96a
405,0xaf75cd51090e52ca54da17f40c06b5fc40b4445c
406,0x9dfd911486c3162195484f0b031fbb41617b2987
407,0x087b91724f02c53c1cc4210befcb9c4659b5f88f
408,0x6ed14bbe16ebcfca09762357530000ba64a77372
409,0x5d893d3ba8910a3c31ab6b999b9b0e7bc35460be
410,0x784e26326acebf9f5d652c408dc74f4db762fc56
411,0xc0b05c668a5576a39c12089ff1cbc86aba6b073a
412,0x0d9686d3c602a458110f43147bcf33bfc3fef135
413,0x9282fe119c18b600053399dd608f374afd0d218e
414,0x972e5ba0072f5cd1e91f3e477dc0fe74e04cd4b7
415,0x270cf12009fc53d46df3bd63077e852e483aeaf4
416,0xf2aeb87d080a74ff64f3dc0e4ac6959bda1b752f
417,0xc24679ce898676e0cbecc1e5c216c5619feaa255
418,0xc7e4ca65590e5d0630f5fde7ca5a0bb880522391
419,0x5cd313f6defd02da3ceb91845bfa492ff8bd8817
420,0x30df16cd7d612c5b25beb0331486b127a42ac371
421,0x8a964f1de6dae31b5cb22a3ddade30652c3fbb34
422,0xcf8f1f82d5939b90d5e7aab528adb7e65de51669
423,0x978e82eb5917a6b3535d1748375c7389281f0e10
424,0x80a2527a444c4f2b57a247191cdf1308c9eb210d
425,0x1eb4424a6677c56ec8fb612422a687ce07b21355
426,0x3caa66dab7f5bcc3c05abd84cbcc358ef75eb7d2
427,0xe94b0e9fde531ad1d4eaf533fed7b3276c063637
428,0xa1a670d5fcd74dd496a93644c11eb750b18e1526
429,0xfd77e0260429bc4437b442daf763d08ef4448841
430,0x70098185a3887bb5937fed97cc81621adf996856
431,0xfbd4e1d0d89632c279f06a1d9bb9438647d99a29
432,0xc5f423ba4897df7a938479095942e9f5156e0980
433,0xdd021025766fc1f033681b61eb61c7ca30d91eb6
434,0x3eff0590a97dba7589df84e712f4cafb176671c6
435,0x0a8549fda45bff5b32928806b4d35d2955a83138
436,0x473b9907dd8c3d68678eed529357614cdead2587
437,0x80ad7547d879ab0481eda439bf0514e02b0cc2b9
438,0x20cd20ad6c63b96f5c7934dd9d896f272bf68f2b
439,0x695cabcf448ab75176a8c78bcad9fb815ee86b6c
440,0x495db7884be468dcb9567bfce5376aba14b9ce20
441,0xc851df865a660fdad21880706cca10c483b413ea
442,0x6b82a06712d53c1d06bf472a7accf04dd7e8b5ee
443,0x0ce567bd9e1c9c3141be185219fb4ddf346c9d95
444,0xaba59201c6f4a6bee722ff8109b867b0ec551d83
445,0x2c3021bbbe1a8d50c200f9489b557377ebecdf9a
446,0x78e15f4898027fd9b9aa2e69634e2e2d7feeaad5
447,0xe49464e503b3a5e97765e5e54666dce2a828652d
448,0xed199118e3c15e78916df162421315a5968bf87a
449,0x7a40c4b21a9c2b346f16b7c33979e6a200b8ca99
450,0xf97faa22dc746aa8508a474683745fdd6d19ae03
451,0x7837371cb890d076e8df558eabc9d78e112cc5ec
452,0x95048d754553cf74603d3888fc65149ef9b22be0
453,0x33aac6cfddb3e0794a896d89b0af8229d1438bd8
454,0x4b3e6ff0a303ab80849ada225b77188616a861b4
455,0x471eb1312a93c397089fcc569e32ac887fe1856e
456,0xcb471e94d63e3cb9dc4580928ee4a4c5e9167458
457,0xd175e291d00e17a3c311025fce308c75bd7756e2
458,0x00861faaede3542a03f21127429e3ad2acc29dc5
459,0x084bc724db697d61dfc33259c302ffba1cea2028
460,0x18376a0e6f2975013d2866407ea4f4e2ff01b510
461,0x47308fff38bff80c439862da8a156122eed73d6c
462,0xd5ca005b494b821f6c6f81622945529f25548bd2
463,0x4dace00f7e227d7f828d26f333b181361d5c7d4c
464,0x7e587f4f0f701e05939ce4b1c7a7e8d820599880
465,0x1dc0b8821ffdf027bfc0d43ac7079a72503ba501
466,0x04f12de16704c34ff4659125727aeff90103319b
467,0x9b720f23cf00f3b37798264653b17c7e86b8ed5a
468,0x39721321db276205898f70a86c96b8db27c1602e
469,0x36b7bc18c11fb4a7efb19f03b25d1e3395e545e9
470,0x6395cc6e900b1a29195be284979131e02f831683
471,0x1c150d17935cc4a9308af2f667353e20af932050
472,0x660e1f131e6e43f99e8603e7dcd13d963794beae
473,0xd1db0997054f16b07839cc298914d021a0defe94
474,0x24a7fd5d7f6cd18311271815db264f08884a831a
475,0x321614602ff49b672287e670ee361ab94865ebcb
476,0xccccb628da9440abf500187305f88d16ccff6523
477,0xf93f775eeb76e69aa76b6785c2dcf16303fe277d
478,0x40c0771f1ad6a3bf551cbbe0436716a394847a44
479,0x27800e16c7880feb06e1eaf5232fe098ac1a5736
480,0xe5d5a1cc837e32f221111f38214259f7199a4019
481,0x4db2541617bf46dbe972bc8534a9b9fc855637dd
482,0x72bf07f4a11e9657f56250b560be11a63ca16757
483,0xf9630e42d69df01ba1fe6a329fb3c06c5dca07ce
484,0x100f82b00e6488ae8c2c6cda5f3162c0fc0107da
485,0x68faf54c53899957fcd0291d2a2c5ee9a343a4a3
486,0x22457bf329646809ca106d55a32927b300e5226f
487,0x894a7a6ede1d1152dd086f6f18500b24bc0be570
488,0x2f4f3421c97bfebd9070e9b8b3197df980b80cf5
489,0xf4572be346cd82bd9c4458eb26118d9eebe2a6f7
490,0x0943005e9b09676bfa26ea1a5da8e6829e64447b
491,0xc7ae1d1409a148bc7bb320404b4a4c7527de9841
492,0xacd0d20177942ed0e01a03483520370c023ec8d6
493,0x41bf5bb4115c468078bde8bdee24dc965efa2993
494,0x75f1e0a436a147b662c129e2511be2349eb19239
495,0x4e602740ba9fb514b119b46a5bf399f2cde93d91
496,0x715cc50a7aea3eba30b5574e7b469577e4c547f7
497,0x12f870e782aafe874cebd4263a86bd9b69b0eebd
498,0x9bc351be308f841229de930c4f22a973832ded76
499,0x529efb7a24fd010dea84d808fa113f95e1459730
500,0x8d79a3472cb8ddd0087822fb93eeac869912181d
501,0x34c01f2cafa31acb13e3eb6a64e9d91391043900
502,0x2ab7219416b001bad61b20e74999be2370e31d5a
503,0x39d6e7fcaf103e9b909dc3d6dbc009a6a761b332
504,0xc6c538acba030ac297ff0ce3b292a4d4c1e49c3a
505,0xb0d4c89031d361f6b18652c7aff5b0964f7e308e
506,0xdac7ffd54b54321330bae9d6f7c2eea786e3a61d
507,0x83549fb310195ea27e099ad484693c7f04126391
508,0x3e92d661bd5063f7df955d68e123b96d069069e9
509,0x03ce77d68c5ef952d91ff53c336ffa260f43caa0
510,0xa10abf959639ac0c0d37fbb363e5f125644be032
511,0x5ffe1e4d196116049c4c17d1f4d2457eb92a2100
512,0xe56625466f0aaf20d5eff06bade91b3cd72d16b3
513,0x8b3f14f0582fbf275be87d265c931b4dfd5f13b7
514,0xbe026ae67432efa9ad85b897a70e0bab0dcb1cea
515,0xae1b18ccbe2f8f4a28caa99ecb60429dd7813723
516,0x2bd95558e74560c9813d12839a44e2176bfd07d0
517,0x4bb7fba588b4254536de4316e8fb346bbe275ecb
518,0xf0e4d67d536e214d70122525d9201480b53f837a
519,0xa0677d82f6a3f631dd17a63eb29bfa3402f31106
520,0xb09a571b68a3d1248f86de08e108e02221b991a4
521,0xfe7d855964d07b3e0edee163c1f912e7d3980092
522,0x1300c67a953945368572aa0bf118d56f4c2d5f69
523,0xb57b13b4fe511c27ea5a658e938bff7dd43f6c53
524,0xd998171b51dede5bb420228f8ca6e349daf0fd62
525,0x3e35484a6a162c65df6d345d08e7b649b2e873dc
526,0x884d6fa3a4b349880486ad4d7c833ca968c785d8
527,0x62cfc31f574f8ec9719d719709bcce9866becacd
528,0x0ff23ac72005099fa258c48451c95820462555c2
529,0xdf042b61c61919b016cb6d87c5fe993a62c5ad27
530,0xb90781ceb500f80a9c101225ed5451449a3aa5bc
531,0x5b3298f222beae66e97168513a9b83f4c9d758f4
532,0x16b34cb23c2115e7f0579ec0a60e8fa98a09e236
533,0xc6e64f2da8c0c76926bf92fb1bd9dff19837b286
534,0xa91194363b0a498e9d8602a866c473cb7bc9467d
535,0x7c0ab8e631af9aeb25ee4eb69a30abd12c8d5122
536,0x90d6b52ce48e6a09f21cb147e3357c5eff773d69
537,0x887c3599c4826f7b3cde82003b894430f27d5b92
538,0x8ee0676e91f50d70a731a1d489c6583e8400fa1e
539,0x67c5cc9e50b6b4fda46589bf0d1aa3bcde3d74d8
540,0xe7574b83cc92cd6d0156e34814cd11028ae36551
541,0xf6c3c3621f42ec1f1cd1207bb1571d93646ab29a
542,0x7e0114ac196c8031e00030b7982677ed4a562a1d
543,0xac380e5384f3e2ce46b5f558527f24cd71c446df
544,0x88b3454dca4e50b8315a9bb27faa4c898f98c6da
545,0x4334d759ca0c96635b0307d45723223be60cf25e
546,0xb7620704e00f24a6600d9362b78698cc33981cd0
547,0xeb1ebda4d3c1a5f364fa904e974e458dd198dfb2
548,0x0c1e99991dd2f7d374bff13f9f52284ce6cfdae5
549,0xab6f88671be688ff648d8cd29f527840d96b5ec5
550,0x938ba7ebda3eb291a596279d5ed43266454ed10b
551,0xdbff78d03bee283ce4afac64e680d0359dcb8e33
552,0xa2bd8f89c6a3ac1d0a8a148009c00a2ba4b9f908
553,0x3b8f0b0259077f18964690373509760eeab737d2
554,0x626ae4a918baf6e26f3b3e6b7cf97eec404ffc8b
555,0x4a832f0f9063d0db9f66fd4d3227a7b3dacd893b
556,0x927b5b52a425f7a9e1d1e26d06b453b5d7c84e64
557,0xe20099e8e94f42d7d6878d82742c45e62ad2e9f0
558,0x7f8856b37a34fd9440b66ea01c9afe761177c599
559,0xd63c2f6db47934b2896d2fafee537f73ee4e5264
560,0x50e7e5e836820fcd81280a74975c2ac5241fee9c
561,0xa04baccef086742f8bc9b21fa153c686c6f9c061
562,0xf794144e8e7a939fc230cb598bdd77419629e87e
563,0xd43454e9d0b908c4093e11a1dc2f6d30ebacbfa0
564,0xba3d14a79340cb1eac61f8ddd0a56f4624db0e0d
565,0x685658529cd88dc9f5c55aeaa905297e5d78becb
566,0x1f1bd54ecae5f400bddba27bf079ed44f181df4a
567,0x20c70cbd3d32ef689f47532af048891ecd4bb3d0
568,0xa520247703bd82a5113cec3aa20a64e8edb76b08
569,0xb1bbc29997826dfc94b144126135c0aabc8175a9
570,0x2e30c7b6eb458ad4a6c99116db4985f1790e2a74
571,0xacbf2d2cd70ab21009e1ba53b4723a0eb0325489
572,0xba750379655f2448d0f7eb3bbce2ac609fb32ef7
573,0x4fa4167b3c94a80416bbc768fb919bf3ace9f8c2
574,0x4501ca51c95f3f9dbd1614d30d3d22d6c9643b16
575,0xf3f49dd68586335ee3b01a86368043508c962c2a
576,0x33328111a0fd6e5cfa13c16970dbe30a3ea6796a
577,0xbd677ba323ea6c2bec629491763f908e710edd84
578,0x2c201cb39140e21451e71a2a272b6b561f13b9e4
579,0x416d86b9360bffa9de4f880a4b3557f1dc28c643
580,0xab595a18366454608c3be0babd8d96436d60ec8d
581,0x35bf253f60217abf339e9a01e74bd3eefd683ee5
582,0xee836251ee934c3126ac5d9bb29ae9177a6a12e6
583,0x59c9d046d43b28816393825a3688d93b82bdd625
584,0xef5323409964067fec899091685b48458f361d84
585,0x46c439a738c7e360900d8b3c0208d1c305e6e3ea
586,0xe8c423de4fa5e56537517944a77ff94cee6fb8e2
587,0xfc91f727333fbb224a6c78839463b0f372ece7d0
588,0xf2b7c8f1cf94b9d8f08664137827f27f2ed00dc9
589,0x9696d9e4d7d1a3bfc1e7ca7e0ea3ab957f84f743
590,0x2266e997a7eb807b94aae1790fdc372936e05a84
591,0xbabd6ad755471fbc26cd15b63e7cd20860feeb81
592,0x89c4816f56f3eb6a325e14dd2c1211f8d8b7d7ce
593,0xb9a0b044bb41e385284db162bce66f8dadb7bd92
594,0xd880507d359af862a5f8f318c8e934ab478ca818
595,0xf513a59d0e8d0ddb9898fa544d955e3fb0ee32c3
596,0x4ffe72a85f13d2f812728b52639b77ae4fcc7f77
597,0xfb5b840a85d41bf28081a31b186fce24eff5ab5f
598,0x75f58030c190bb4288f56100f0ee49b6eeb4a134
599,0xb4b04564f56f4795ea4e14d566af78da54a99980
600,0xf44217a8b6b3f258bffead635c226528aa516aea
601,0x56a3cbad4d6aaa0a8941835bd0096e9fec3af2b9
602,0x622e3c604fcfbd2b92af7b4caa8adc0dcd0bcfdb
603,0x35ba1a4501f1a9a06961608512c869f04e956e1a
604,0x32025792e04a51d32b5a704017d991d2f51c9bf7
605,0x72a6629838b67522899ab1d577f7a826250a958e
606,0x50e8ea7b2278302904f29545f985fea2850b2b6a
607,0xebc3d0c01cbedee09b34add271115e74280f2f2e
608,0x074f574527a51703e1d017f609e84706dc2731ec
609,0x02fcdac1db94ec6a79981331c9e04424f5b8400f
610,0xc1f50b36343703b46d496275aedf9ae1d4b37424
611,0x1e57d972ae6bc70c101996f0d398bb683ee052bf
612,0xa26d4f0d0035eabbcd64329c64186473686a785f
613,0xc649b18662ccbe656c56ab9de9f1da578e12cc22
614,0x761cf96d7884b351c44410ae991b25cb4ed6f470
615,0x507779dd20f2d1b4384753b9df4b070fa1963cad
616,0x52da1ce9ec14628016bfa4f386fbb38ad5ced878
617,0x1fdfb8b73a10a60e7b1b110588b824788ba71059
618,0xe24baa831d4151afc73994a7f852cb0edfea69fc
619,0x9259e757cae26c0c836ffac46a0ec5114891e86b
620,0xd0ee2057bdcad0cad6eee30a8461d7700da93dba
621,0x2305b05f3da7647b2991855efcbbf0093b13a09d
622,0x52d597334a853cfc0e5afde7e813ae5a7e965176
623,0xd0c83c8e00ecea3f676b31037ceef97c3609d04b
624,0xb8dc4429d991d75f3db3c1b56cc3969113ac3fcd
625,0x35e3564c86bc0b5548a3be3a9a1e71eb1455fad2
626,0xa55089c2df77a0f6f3657d74bd669533af1e0cdb
627,0xfd9ae0484d4345eb6b164af5cbd59dd2b252a56d
628,0x2081e9a649552fc01cfdee0173cddacc227d10e3
629,0xe210776f844bb450f1ad4ad23851ba780fc98f54
630,0xe80ad04dbf7513d38585af0aa21cdda3806f050c
631,0x2eec9cc09c6ee5e6873e2f69bb942fdd57f82e9a
632,0xbd5dcbd49872c05b88376293566016166419c798
633,0xe3dc21373cff9318e1efbe281634bcc18de96242
634,0x4a6a684401dd4820e7b3e95c59a44c6456e09259
635,0xc187ba1969d956577b5a7a79c55df4f8b1ed9057
636,0xb19d0a1244ba489507cc9c4856d523371fa388a4
637,0xdb09ae1c242f05370249c767d23cabe41ba31764
638,0xda9d826638eb6103bd68b51addb2f0c23d0b9168
639,0x9212cbc526d0f2d49f317d0b7ce2721dfbc1e14a
640,0xdfeac1c83b4708151d5bbf683b059e7f46a582a9
641,0x77d006307e686f513c00b9609a85e854f26ad38f
642,0x9239cbe95bcdecaeafadeb0c1284c50ea6fb32af
643,0x6fa86a8a3b8a582279a12ff798537fc012623032
644,0xab3454f4198940432f89872023ebbd64495293b0
645,0x8d074fb4d3257a141480890222ffeb3634c2e932
646,0x12aed85027f551333e13930273a20f0c51439053
647,0x916693a22e6575907738e8814652d2004b5c463b
648,0xc0d04d78581e05fa48686edabc20cd52cf7878d2
649,0x71ee0e07949e4c58935b9443d3dd8517168cf0e7
650,0xc9a06469a723d0beb457e6fcdd7c41f6c9d61916
651,0x6acc1f67290e711912eddcc4511835c15c252828
652,0xa4317ab9d7df7453d8e0853415e04f7e3a78f78f
653,0xcdb2de3c7e3523f943904bdaab94e316853601ee
654,0xaffaee9e097d4fe4fcec24e3d5b553185fae151d
655,0x70d69e51bf7bd0bd4f4b4602ca06ba8d78918126
656,0xe64d4e16e2a4b263163b5023095a0ec91508d115
657,0x05d077b3ea9e996b23d83d06acd45b45de1cffb3
658,0xf5063114c209c51fae1e2586d6199095f8b89757
659,0xb520743d8b3a6d059e9c1990015f741dbc07305f
660,0xc9aa8af50c180c8e74eaa48cae2869e9b8315b54
661,0xf50ea70a9338ec462eeba3ab18b0e4a2371ce956
662,0x8acd274d52dc47593c734e0a6e5154e595cd3bdd
663,0xe06872868a6f4a7bdcc9ac7a24a6b8ddaf96e33f
664,0x80b09c5836f9b984f89f82f901e399e48b6e5863
665,0x74bec04ab8fb13c089bee991e53f7727ca8861a8
666,0x7bce1c0b8c9c9c4bd0dfc040c085f7f255da0f3d
667,0xee224fc35e302a8cb9091aecb269fa4d077696b1
668,0x6f1994cd24772c265d1695c92053493c0ba6395b
669,0x166b6770f7513ee4be7a88f7c8d250e5e8bcbfaf
670,0x0e969f847f8f2dff9f6892fe834be92a1cc96f7a
671,0x5acfbbf0aa370f232e341bc0b1a40e996c960e07
672,0xb80bd21033cc4dcfdc9dfe5ec9e46cabd4128d8d
673,0xfdb03212dc50a633153efbb37950200060684290
674,0x364f4b2eee8920b6e476dfd4e531b6fd6bfc14cf
675,0xb2646e86ca2546d0926ec2e512ec444000313a05
676,0x82dc92b01c7ff54911842956083795f60f6f64f4
677,0xb6c951cf962977f123bf37de42945f7ca1cd2a52
678,0x2b45b60f4e2e2aff24b38c6f0658dc657ff61ac5
679,0x13b91b3ff58886ace7637e547c53bbc2936d803f
680,0x17466b61cffebe6670853c68e694e0897779e19d
681,0xb8203fbc9bf71c435c3cb9f83237f05f47ff55d5
682,0x84d6e497b23dddd6ab52efdc5e7c730599f2fce3
683,0xb56498456db9d2232a55dd2b4cdbd07466ab624e
684,0x064a768bb4e79f22ba0dcb3c5d2421ae32d51003
685,0xc2332295cfbcd03531a77b00a019f39335ab8d43
686,0x943b4fad071f1d8002a0e7633c40ac711c5d7519
687,0x66ebc6a664bd442874f0d6f096d53e50a7b3b166
688,0xaec80b4fbe227198720b1d1b82a12968baa0b144
689,0x5d2b9bf95c5af2c45e7e8dce7656c66999a07a13
690,0xda99b89515b1402a472fd3c775981bb33eda5304
691,0xb918d6fab29ffcdbaa5d75e893c78bcdd1f08844
692,0x9a0fa9da9d86d6d15eaf4c6bdf4e9fe3662edbb0
693,0x1e25af449af3a8a37b66367869ca7002036e98ba
694,0x530b5f2c1f3cfbc7d259581d04f3e91380c21bd9
695,0x76d929285e1b9c9cc94908ac67df03b63528671a
696,0xb17df44a778dd28dbb47e924cb06ad077539e000
697,0xafad93492b75cdfb3e685c09966aa8ee6ad872c4
698,0xc4fb550fa8f2a6e5178711e56d5b48dedf897e5e
699,0xccf6210e3e41b1010f1d03837744ca1b90f8cfe9
700,0x3b8fb194244f23713fbd2b747118da741e3fdf8c
701,0x723b93dbebeb3f98ab60b0b33cafafa770d3a20e
702,0x1ebef03483030dd746c0bba924e828ce2c0534ea
703,0x6256ffaacc5ec1b804d12291b7cdbdd123c0a05d
704,0x79992cdbcda8a3916e4e1a65d0d98a73c49672cb
705,0xf4d1b9e45318a1fe4e2e1ad5245f631c20717c3b
706,0x6e573d8a907aadea34374c65455e7e45f18852be
707,0x769a000fd77bd85a9486efb7abc8dbec6ba35120
708,0x0b18c33434763f6f03d50b58f6bbae4fa6433ea4
709,0xb9c14ec2205ea224d8c1a69baa38aa26e31e2a2e
710,0x58c4b674e22576e895a59e2bec960b51491a140e
711,0xe8b1764ae2e927c61c0bf15fe39fa508e6bb426d
712,0x52ab18ad560e44e94beabb24089176c2eb2296a3
713,0x4ca8b673ffd1bd5fec4d369bf089e263a99eb548
714,0x788c5de9d101870f2689b819785fb37c9d5e7050
715,0x8784c3c322d4cbb5a8fb791738bffb9809a18e53
