block_timestamp,block_number,transaction_hash,amount0,amount1,pair,from_address,token0,token1
2021-03-20 08:35:27 UTC,12074668,0x06652cb479d1e15eeffed7432dc54880b55a5b1d8a9608fe98da10fc7b007234,2858251416327855137317,236059996672492936,0x05f21e62952566cefb77f5153ec6b83c14fb6b1d,0xe55c69cfd20cfa25651c72b84383de6104104eb4,0xaf9f549774ecedbd0966c52f250acc548d3f36e5,0xc02aaa39b223fe8d0a0e5c4f27ead9083c756cc2
2021-03-31 00:42:09 UTC,12143993,0xf8cf485d70923c0a3e8b143e74393bedfe250433a22ed9961844773258bc3d2d,3058002748559836223731,4830765087856178061,0x0b0d6c11d26b58cb25f59bd9b14190c8941e58fc,0x82e4d78c6c62d461251fa5a1d4deb9f0fe378e30,0x21bfbda47a0b4b5b1248c767ee49f7caa9b23697,0xc02aaa39b223fe8d0a0e5c4f27ead9083c756cc2
2021-03-26 08:18:10 UTC,12113499,0xb54d15f697f36928cc3a5d975bf6f7274e4fb55972b63adfed58b3ce1c890d27,2198416008681923759308,3555190066857877745,0x0b0d6c11d26b58cb25f59bd9b14190c8941e58fc,0xfca1430f46267ae2e44d52831dcda37058c5860a,0x21bfbda47a0b4b5b1248c767ee49f7caa9b23697,0xc02aaa39b223fe8d0a0e5c4f27ead9083c756cc2
2021-03-31 21:58:46 UTC,12149718,0x13865fedacdf544d4f55d2b7b44b0457116cbc1eddf17ea24e55703a2020adc6,454794968416611002045,648697439929291607,0x0b0d6c11d26b58cb25f59bd9b14190c8941e58fc,0x83334ef0c6f6396413c508a7762741e9fd8b20e9,0x21bfbda47a0b4b5b1248c767ee49f7caa9b23697,0xc02aaa39b223fe8d0a0e5c4f27ead9083c756cc2
2021-03-25 13:23:29 UTC,12108332,0x6d46d943703765fc183dcd656274b720d32d56cdcd3920e4d2b38747d6572e93,818423689044707778097,1498577904776008612,0x0b0d6c11d26b58cb25f59bd9b14190c8941e58fc,0x803d4d168976f40d1f5b561bc831effa8289e732,0x21bfbda47a0b4b5b1248c767ee49f7caa9b23697,0xc02aaa39b223fe8d0a0e5c4f27ead9083c756cc2
2021-03-23 08:16:12 UTC,12093980,0x329a089629a0a9090647509902b9e72ff57118ebedfdfc419e71ab5f3a256af0,4036672820098335615,5120311312883811,0x0b0d6c11d26b58cb25f59bd9b14190c8941e58fc,0xb6631e52e513eee0b8c932d7c76f8ccfa607a28e,0x21bfbda47a0b4b5b1248c767ee49f7caa9b23697,0xc02aaa39b223fe8d0a0e5c4f27ead9083c756cc2
2021-04-19 00:13:22 UTC,12267282,0xf0befd1bfe1da66f340884b967495c79b0f35d234d974b8a4a1e4104138cf030,5673725383790330649865,1719852723816287868,0x1037fa1f40b69c9266c4aeb2abcedc7553614b4c,0xeb79561a4ccd197941b40fc6625ffe3b47920f08,0x038a68ff68c393373ec894015816e33ad41bd564,0xc02aaa39b223fe8d0a0e5c4f27ead9083c756cc2
2021-04-14 16:01:08 UTC,12239179,0x63c2ab60028b0f3a86bb972a24ad2dff03da6bb533aa99fe9d7c694689de274a,6980323144565044033930,1596255198071313071,0x1037fa1f40b69c9266c4aeb2abcedc7553614b4c,0xeb79561a4ccd197941b40fc6625ffe3b47920f08,0x038a68ff68c393373ec894015816e33ad41bd564,0xc02aaa39b223fe8d0a0e5c4f27ead9083c756cc2
2021-04-28 20:16:44 UTC,12331051,0x86374774361f063128a21f885454f63065aa01e9ec0c50c20c453be67c1672a8,2543639275926839256389,488894854453091863,0x1037fa1f40b69c9266c4aeb2abcedc7553614b4c,0x83334ef0c6f6396413c508a7762741e9fd8b20e9,0x038a68ff68c393373ec894015816e33ad41bd564,0xc02aaa39b223fe8d0a0e5c4f27ead9083c756cc2
2021-05-05 06:15:32 UTC,12372557,0xaaee4938cf00dff8de758f3a2cdc29b0785d944f973a8fd4dc34803af1e8b25a,1090465875969288960078,61278856768516509,0x1273ad5d8f3596a7a39efdb5a4b8f82e8f003fc3,0x1ab83223ee734ea5151e345841c4cfdd34c67d3c,0x584bc13c7d411c00c01a62e8019472de68768430,0xc02aaa39b223fe8d0a0e5c4f27ead9083c756cc2
2021-03-19 22:49:33 UTC,12071972,0x588698c75ad37e403d53440500d2955d7ab3207ceba214a7fe9920d5f0ac8fbd,76989974552575672,9757831277138866,0x146d3401b6a41122bd318ba676a01c44cb0795e2,0x1ab83223ee734ea5151e345841c4cfdd34c67d3c,0x1cbb83ebcd552d5ebf8131ef8c9cd9d9bab342bc,0xc02aaa39b223fe8d0a0e5c4f27ead9083c756cc2
2021-03-19 22:15:27 UTC,12071812,0x7f476a578b7fc16c559d605f22bef598c31ab6b7428b7d9e2d29d3cc8d1fb33e,227319610923804430,29768151707936509,0x146d3401b6a41122bd318ba676a01c44cb0795e2,0x1ab83223ee734ea5151e345841c4cfdd34c67d3c,0x1cbb83ebcd552d5ebf8131ef8c9cd9d9bab342bc,0xc02aaa39b223fe8d0a0e5c4f27ead9083c756cc2
2021-03-12 07:16:59 UTC,12022344,0x2b974bf9d300a31c4fa7e71a154ee86e57faa556f3b0e0b77ed771d3d89e942a,1710820710669774803,255273023496856256,0x146d3401b6a41122bd318ba676a01c44cb0795e2,0x97af0f60c1894bf63b440300ddf6b18102f22341,0x1cbb83ebcd552d5ebf8131ef8c9cd9d9bab342bc,0xc02aaa39b223fe8d0a0e5c4f27ead9083c756cc2
2021-05-05 17:53:45 UTC,12375693,0x8af6c1d3dc834e6aefa75e456f284ac7c5cd86141e4087330c144140b16ba645,2706294165191208965424,660921692642991532,0x1ffc57cada109985ad896a69fbcebd565db4290e,0x83334ef0c6f6396413c508a7762741e9fd8b20e9,0x4e15361fd6b4bb609fa63c81a2be19d873717870,0xc02aaa39b223fe8d0a0e5c4f27ead9083c756cc2
2021-04-30 11:37:57 UTC,12341602,0xa9974192fbb3064cbf345a9e972a1e2f1086fed03d850fa421be329c9ef5417f,1263070759066769734785,335134662764257075,0x1ffc57cada109985ad896a69fbcebd565db4290e,0x4d569abc3d7ab699d65832ac1a3b376592b33de2,0x4e15361fd6b4bb609fa63c81a2be19d873717870,0xc02aaa39b223fe8d0a0e5c4f27ead9083c756cc2
2021-06-05 09:58:26 UTC,12573816,0xbb2d1d79786c41b994fa945d1166b1a78291394c68bc4fede9503d8578340039,3049118792817825743894,382997810497391712,0x1ffc57cada109985ad896a69fbcebd565db4290e,0xae74d4af5310170f8b2c0227b0c8ca70c8e2c78f,0x4e15361fd6b4bb609fa63c81a2be19d873717870,0xc02aaa39b223fe8d0a0e5c4f27ead9083c756cc2
2021-05-03 05:48:07 UTC,12359407,0x65d61d7df15a4453fb46ed4d28c9247bff5bca25de375ec534bc0f069ed89962,20682437541995986302076,5114703717699458770,0x1ffc57cada109985ad896a69fbcebd565db4290e,0xa511fde14e89bfbaff3a6623f3dd1cca98defe3d,0x4e15361fd6b4bb609fa63c81a2be19d873717870,0xc02aaa39b223fe8d0a0e5c4f27ead9083c756cc2
2021-05-05 20:29:59 UTC,12376416,0xee52b13de60deec862ac29914598b4b0f5629679f7a2efd2abdf233b7bb137d5,2759315336864656446594,653023146368752577,0x1ffc57cada109985ad896a69fbcebd565db4290e,0x4d569abc3d7ab699d65832ac1a3b376592b33de2,0x4e15361fd6b4bb609fa63c81a2be19d873717870,0xc02aaa39b223fe8d0a0e5c4f27ead9083c756cc2
2021-05-05 17:42:43 UTC,12375637,0x8099f53062f8420a636bf0b22654d9a55c4d3ac4cbd7cd096af268726eecdb00,4316605604456432796168,1039342184979352177,0x1ffc57cada109985ad896a69fbcebd565db4290e,0xd041c41ea1bf0f006adbb6d2c9ef9d425de5ead7,0x4e15361fd6b4bb609fa63c81a2be19d873717870,0xc02aaa39b223fe8d0a0e5c4f27ead9083c756cc2
2021-05-01 22:58:16 UTC,12351171,0xe00964f26cde10c00a7c4cc878387986f8f6070c2d8322603b6064633db3fcf4,947245176669962652021,408074702670977962,0x276e62c70e0b540262491199bc1206087f523af6,0x83334ef0c6f6396413c508a7762741e9fd8b20e9,0xb78b3320493a4efaa1028130c5ba26f0b6085ef8,0xc02aaa39b223fe8d0a0e5c4f27ead9083c756cc2
2021-05-09 19:55:39 UTC,12402163,0x1ea527667ef3cb217963bd65e8cbba6a84a3eb66af9a1ceff9377443749b0c24,4609007,537511516071568490,0x291c69fdaebd3cbe953843da243f8605a766a268,0x51bc9862ad17023fa88435f51fcaa6e677b2ca97,0x467bccd9d29f223bce8043b84e8c8b282827790f,0xc02aaa39b223fe8d0a0e5c4f27ead9083c756cc2
2021-03-23 10:51:29 UTC,12094685,0xa558b974cb8d3929c361e88ce8210b51ce42cfd293ed8c86a802d20fb5902c51,7791714497774661630,11042931936736602,0x2999528824a1a839d9af5cfead053236be675984,0xb6631e52e513eee0b8c932d7c76f8ccfa607a28e,0x661ab0ed68000491d98c796146bcf28c20d7c559,0xc02aaa39b223fe8d0a0e5c4f27ead9083c756cc2
2021-03-14 07:41:38 UTC,12035401,0x3345831eb6465e844b4703640a6343610ab2daae4c1e30a17eb0ac2a22fdbe7d,47903136016136553792,75361454077715860,0x2999528824a1a839d9af5cfead053236be675984,0xead9d46a1601c7f09f3f0186010736b32e668a90,0x661ab0ed68000491d98c796146bcf28c20d7c559,0xc02aaa39b223fe8d0a0e5c4f27ead9083c756cc2
2021-03-19 15:30:47 UTC,12070049,0x60c9c08ccb28e62b96f0455f9a8687dc4dd2fb476aeacd8f987198b3fdc074ad,64911506658477883103473,951386867271456002,0x2d9fd51e896ff0352cb6d697d13d04c2cb85ca83,0x1c5507310813a07c68f243960650380669450710,0x8b0e42f366ba502d787bb134478adfae966c8798,0xc02aaa39b223fe8d0a0e5c4f27ead9083c756cc2
2021-04-09 01:26:34 UTC,12202707,0x24761ea02e008b5440ce5dfa319d6c5da97e1774066836feb5fe2bb6661ad498,93151829978065837023,138158889838144603,0x2deeeda49e5436cfe18e0ba10f58e4496b8fc631,0x2c5936f28cb0afc737510232bc013e7103f97b64,0x1735db6ab5baa19ea55d0adceed7bcdc008b3136,0xc02aaa39b223fe8d0a0e5c4f27ead9083c756cc2
2021-05-05 17:54:31 UTC,12375698,0x721154513854bbc945656bf2ca0aff82051920cc8e7cd6d5d740d26310888e70,1194303386842934373715,452459545407637584,0x2deeeda49e5436cfe18e0ba10f58e4496b8fc631,0x83334ef0c6f6396413c508a7762741e9fd8b20e9,0x1735db6ab5baa19ea55d0adceed7bcdc008b3136,0xc02aaa39b223fe8d0a0e5c4f27ead9083c756cc2
2021-04-02 11:26:32 UTC,12159806,0x0f8b8383ae3507e8584e52b953e08ff634316d042fc6d07ccc51b8a80ffead00,1481663116709,590371573755340359,0x395c342402bd57ac8aa78b9125d2ca71475d139e,0x90abcf1598ed3077861bcfb3b11efcd1d7277223,0xac6fe9aa6b996d15f23e2e9a384fe64607bba7d5,0xc02aaa39b223fe8d0a0e5c4f27ead9083c756cc2
2021-05-05 17:55:27 UTC,12375702,0x45ee642cc7a6926672366ed307b4522c2912d2f18c9e6648749f86cd58b3b893,3111663439324028210014,430829572585883393,0x3a8afc58b70b34a0a5615d3a5ffe623ca1fa92b8,0x83334ef0c6f6396413c508a7762741e9fd8b20e9,0x4fe83213d56308330ec302a8bd641f1d0113a4cc,0xc02aaa39b223fe8d0a0e5c4f27ead9083c756cc2
2021-05-04 16:16:24 UTC,12368776,0x93f2a8c7a558085c2b62fcae3a046c1a9fc110cf4e8314309528fa08927bb3f2,5483337077430591699476,783871683152694085,0x3a8afc58b70b34a0a5615d3a5ffe623ca1fa92b8,0xe690341e50dce63c764ce7e0a6e923349d77ae2f,0x4fe83213d56308330ec302a8bd641f1d0113a4cc,0xc02aaa39b223fe8d0a0e5c4f27ead9083c756cc2
2021-04-13 18:16:26 UTC,12233297,0x7a621ea6ad4ffd6f947058f674ccb99c001538a02ebc91d2dcfc877cd6220e2c,13435527688120347302,42478883383117766,0x3fd4cf9303c4bc9e13772618828712c8eac7dd2f,0x1ab83223ee734ea5151e345841c4cfdd34c67d3c,0x1f573d6fb3f13d689ff844b4ce37794d79a7ff1c,0xc02aaa39b223fe8d0a0e5c4f27ead9083c756cc2
2021-03-29 21:05:22 UTC,12136453,0xca310afc50f928b37a4432de05da175bd12d99128c807e67a0cfb8b649a19fa7,244952390673029383193,1001051025313440572,0x3fd4cf9303c4bc9e13772618828712c8eac7dd2f,0x83334ef0c6f6396413c508a7762741e9fd8b20e9,0x1f573d6fb3f13d689ff844b4ce37794d79a7ff1c,0xc02aaa39b223fe8d0a0e5c4f27ead9083c756cc2
2021-03-07 07:19:33 UTC,11989959,0x3b43ea14472cfe1e5824988ff2aef5c3bbb2b949ada5fcf7bb9e46454581da15,11336723638785679232,58141999055133448,0x3fd4cf9303c4bc9e13772618828712c8eac7dd2f,0x1ab83223ee734ea5151e345841c4cfdd34c67d3c,0x1f573d6fb3f13d689ff844b4ce37794d79a7ff1c,0xc02aaa39b223fe8d0a0e5c4f27ead9083c756cc2
2021-03-24 03:02:56 UTC,12099059,0x2dd93ba0cc21026f3867c0b1064b911a51d4ee388f68bcffeca71868b39f4d96,24503134555594865996,78718672622927012,0x46af8ac1b82f73db6aacc1645d40c56191ab787b,0x1ab83223ee734ea5151e345841c4cfdd34c67d3c,0x86772b1409b61c639eaac9ba0acfbb6e238e5f83,0xc02aaa39b223fe8d0a0e5c4f27ead9083c756cc2
2021-04-10 20:19:23 UTC,12214310,0xeda140aed36208fbeea0f062f4dbf5774115038df563fe664d26f1232673e5f3,103631565068750667951,262881947228186543,0x46af8ac1b82f73db6aacc1645d40c56191ab787b,0x53797a73169c9cec4b573db7139703152fe9e41d,0x86772b1409b61c639eaac9ba0acfbb6e238e5f83,0xc02aaa39b223fe8d0a0e5c4f27ead9083c756cc2
2021-04-23 22:04:13 UTC,12299092,0xfd3ce18b093275edc8275a7d56ed7b60a735653fcd0bec40e26514c4da24dd7f,648402227682334505231098,262763784315212768,0x478893fcbfffc3283fece2a216229e1c34093980,0x429a635ed4daf9529c07d5406d466b349ec34361,0x4c6ec08cf3fc987c6c4beb03184d335a2dfc4042,0xc02aaa39b223fe8d0a0e5c4f27ead9083c756cc2
2021-04-01 01:05:42 UTC,12150542,0x5f042d5fd5d68724ee72b0d280acbf98a66ad81a1c3b97b67932c1d910d6cb8e,443283067548028765748301,462215809081028872,0x478893fcbfffc3283fece2a216229e1c34093980,0x58f4f0106d26832823cc2bd2a57a41c5ff0fa520,0x4c6ec08cf3fc987c6c4beb03184d335a2dfc4042,0xc02aaa39b223fe8d0a0e5c4f27ead9083c756cc2
2021-04-06 05:19:20 UTC,12184203,0x90b46040a764eb6c43df0e2a8c1fa11aabcbc0b880ae05182260cb33ae3591a6,175448482354811357868593,136209883642751002,0x478893fcbfffc3283fece2a216229e1c34093980,0x48ddb4018ddc4b2d828799a9593e3cb4d69f9e1b,0x4c6ec08cf3fc987c6c4beb03184d335a2dfc4042,0xc02aaa39b223fe8d0a0e5c4f27ead9083c756cc2
2021-03-15 16:54:59 UTC,12044352,0x3768dd07db26fefa9c23a210103bf3071875dd4e11a7930debb9aacc5d295e7a,561585461929085281769895,1426980426478592672,0x478893fcbfffc3283fece2a216229e1c34093980,0x803d4d168976f40d1f5b561bc831effa8289e732,0x4c6ec08cf3fc987c6c4beb03184d335a2dfc4042,0xc02aaa39b223fe8d0a0e5c4f27ead9083c756cc2
2021-04-06 05:15:11 UTC,12184179,0x7e933da10a66f2ca56e0711119acf9062dd73f6514f2b9f8df59d7b58c077f1a,178005697382444561864778,142547346262311804,0x478893fcbfffc3283fece2a216229e1c34093980,0xc74f56547cc2490cb54d049a8e2f277042d2a625,0x4c6ec08cf3fc987c6c4beb03184d335a2dfc4042,0xc02aaa39b223fe8d0a0e5c4f27ead9083c756cc2
2021-04-05 07:44:14 UTC,12178379,0x7b87027c97a2efa45539e316ffd65615dd659f88702e46a691d60be814b16013,167280824422196898327558,161660244421978248,0x478893fcbfffc3283fece2a216229e1c34093980,0x5c268ac0e831236011a583f288c26aadfe9f0225,0x4c6ec08cf3fc987c6c4beb03184d335a2dfc4042,0xc02aaa39b223fe8d0a0e5c4f27ead9083c756cc2
2021-03-24 09:22:14 UTC,12100754,0x79d9dfa6d2bfde96d131831489d6deec851f3fefe3bcecb712640198363dc103,35164929776204961886,55197673434962,0x478893fcbfffc3283fece2a216229e1c34093980,0xb6631e52e513eee0b8c932d7c76f8ccfa607a28e,0x4c6ec08cf3fc987c6c4beb03184d335a2dfc4042,0xc02aaa39b223fe8d0a0e5c4f27ead9083c756cc2
2021-03-21 14:03:16 UTC,12082550,0x0ab6e45543f7f05e564a1f92d5faf92517b562075670a57a06b1364b1e71abdc,850063908706174623747,606827033889515486,0x4d4786384eb4e356ea2df195bbe84c89440accf0,0x1a1f31cf613dd2e936e153e31cff8ff6918997ba,0xaec7e1f531bb09115103c53ba76829910ec48966,0xc02aaa39b223fe8d0a0e5c4f27ead9083c756cc2
2021-05-05 08:29:29 UTC,12373155,0xa3649a955c5f779a1a4664f6e9c5f1af3f8e6b29d1e897d946f53b2be9e13a39,221418637941920053697,495322011172436368,0x4dd26482738be6c06c31467a19dcda9ad781e8c4,0xef7b11bb7d88d3b42e866fd40d0a974c9ed78188,0x0b38210ea11411557c13457d4da7dc6ea731b88a,0xc02aaa39b223fe8d0a0e5c4f27ead9083c756cc2
2021-04-09 03:36:14 UTC,12203286,0xb9b64df5729f9e0e837cdafe4165a635599d828cb663160876c9e56ec7aaa9cd,62865519942016592189,1138057374444357097,0x570febdf89c07f256c75686caca215289bb11cfc,0x6caa5c6b9b690879bb229e6b19cb2b755c4efe5b,0xbbc2ae13b23d715c30720f079fcd9b4a74093505,0xc02aaa39b223fe8d0a0e5c4f27ead9083c756cc2
2021-03-11 23:57:33 UTC,12020347,0x71283f410b9c3128c52d40d77adcfe9892562ca22e422f568373cfcfe520d0fc,140292385996698531719,943265402667385037,0x570febdf89c07f256c75686caca215289bb11cfc,0x803d4d168976f40d1f5b561bc831effa8289e732,0xbbc2ae13b23d715c30720f079fcd9b4a74093505,0xc02aaa39b223fe8d0a0e5c4f27ead9083c756cc2
2021-03-13 08:38:46 UTC,12029154,0x038f771a665c98ece0550535cb8473c2ce9f065ed9296dfd2fe29421a4bf6e6b,377982056705065472757,5012825097276903053,0x570febdf89c07f256c75686caca215289bb11cfc,0x3e025504b92babf4bbbc20cbb28f2d04c1608247,0xbbc2ae13b23d715c30720f079fcd9b4a74093505,0xc02aaa39b223fe8d0a0e5c4f27ead9083c756cc2
2021-03-19 04:16:19 UTC,12066974,0xb5345653ab3c0d5c1ad6333c96df0a8e640f13a79fd8da6c133b4c0056ac7bb7,10681511255000910423,128371863348651230,0x570febdf89c07f256c75686caca215289bb11cfc,0x8a4b89d76a1a745a4a1adebd3793253fba0adadc,0xbbc2ae13b23d715c30720f079fcd9b4a74093505,0xc02aaa39b223fe8d0a0e5c4f27ead9083c756cc2
2021-03-21 01:19:13 UTC,12079189,0xcecc65e6860c852c450e7014d58b5ede16afbb66808346e4b32b973b207f4138,192060572208,62647533647151338,0x64c29aac69d3122f6e5531ceca1b753f95350af4,0x1ab83223ee734ea5151e345841c4cfdd34c67d3c,0x5dc02ea99285e17656b8350722694c35154db1e8,0xc02aaa39b223fe8d0a0e5c4f27ead9083c756cc2
2021-03-14 07:52:19 UTC,12035435,0xd2934bdc42127560942396113dbf65b7fa6bdcaec24d41e43affa6fb945dc4ea,204989837360282978732,105754791466826321,0x659a9a43b32bea6c113c393930a45c7634a242d5,0xead9d46a1601c7f09f3f0186010736b32e668a90,0x07bac35846e5ed502aa91adf6a9e7aa210f2dcbe,0xc02aaa39b223fe8d0a0e5c4f27ead9083c756cc2
2021-03-15 07:25:22 UTC,12041807,0x9cab7180e88edb1ff8250fd9af7b53c861006132532d8954209e869100fa7225,2182104904472717121033,1330015885488382065,0x659a9a43b32bea6c113c393930a45c7634a242d5,0x803d4d168976f40d1f5b561bc831effa8289e732,0x07bac35846e5ed502aa91adf6a9e7aa210f2dcbe,0xc02aaa39b223fe8d0a0e5c4f27ead9083c756cc2
2021-03-19 16:10:16 UTC,12070221,0x52e8178633b052bbaf7da484f610e6ce0d91227a677d4d082b1934a48ec2e8f2,222732339199327059669,157010722300681656,0x659a9a43b32bea6c113c393930a45c7634a242d5,0x8a4b89d76a1a745a4a1adebd3793253fba0adadc,0x07bac35846e5ed502aa91adf6a9e7aa210f2dcbe,0xc02aaa39b223fe8d0a0e5c4f27ead9083c756cc2
2021-04-09 06:44:02 UTC,12204101,0xe3c8a933c70f84afb0accc803fccb4ceea9e9b39cda985dcdb864166902fe0c3,3982006534728797567934,2150977017506513591,0x670c0f67a4dc05b6d482c3ddaf0bcb8a20cdc304,0x803d4d168976f40d1f5b561bc831effa8289e732,0x80ce3027a70e0a928d9268994e9b85d03bd4cdcf,0xc02aaa39b223fe8d0a0e5c4f27ead9083c756cc2
2021-04-10 04:05:30 UTC,12209873,0x01d630b5d3793d68149eae87236eab4ac887af14e84e81167e1d243b8e4640fd,3618031199540754515439,1550589312788431979,0x6ada49aeccf6e556bb7a35ef0119cc8ca795294a,0xeb79561a4ccd197941b40fc6625ffe3b47920f08,0x4691937a7508860f876c9c0a2a617e7d9e945d4b,0xc02aaa39b223fe8d0a0e5c4f27ead9083c756cc2
2021-03-23 09:28:48 UTC,12094308,0x715b1233e9f77e8e8328bc3f5891c13e2cdff5201963f0ac16f29011b2a9c1bf,332224365261503998,50831929460818,0x6e8abba440a58421f5eec9892b19c1a72c55c992,0xb6631e52e513eee0b8c932d7c76f8ccfa607a28e,0x054d64b73d3d8a21af3d764efd76bcaa774f3bb2,0xc02aaa39b223fe8d0a0e5c4f27ead9083c756cc2
2021-06-03 09:17:07 UTC,12560699,0x6cd07364825a1dd3eaf3e7d6edabc31ae635e8b5002451166f402f43d405c2ed,1669433702400212285051,75312831257454613,0x6e8abba440a58421f5eec9892b19c1a72c55c992,0x744324fa17fc548b4e258c0b19389f125549e047,0x054d64b73d3d8a21af3d764efd76bcaa774f3bb2,0xc02aaa39b223fe8d0a0e5c4f27ead9083c756cc2
2021-06-03 09:06:11 UTC,12560637,0x16e8e58b1adef4bbcd35328f3098ec180b638068c1128985556e078b3597d044,1668925704128058243462,75429394609534359,0x6e8abba440a58421f5eec9892b19c1a72c55c992,0x1e771be65ea88b61bdbc880b89632900b59f0067,0x054d64b73d3d8a21af3d764efd76bcaa774f3bb2,0xc02aaa39b223fe8d0a0e5c4f27ead9083c756cc2
2021-04-26 12:23:28 UTC,12315898,0xaaccfeafa8337e87ae0354739d9cb1b63be9912870aa2158bc4e194edc112327,4302755074620308082394,440266625125021157,0x6e8abba440a58421f5eec9892b19c1a72c55c992,0x9388b5cd49b1ebb9d5c10900b724aa6486bf0a59,0x054d64b73d3d8a21af3d764efd76bcaa774f3bb2,0xc02aaa39b223fe8d0a0e5c4f27ead9083c756cc2
2021-05-20 23:34:08 UTC,12474261,0x808c3503a9604810bed113e6fb89d9d0f1abbde7a2bb0c36a6ed1b38c3a9dae3,484183727099554972375,22264924785435028,0x6e8abba440a58421f5eec9892b19c1a72c55c992,0xefd031f59aa89cadb722ed2076d39877c3b512ae,0x054d64b73d3d8a21af3d764efd76bcaa774f3bb2,0xc02aaa39b223fe8d0a0e5c4f27ead9083c756cc2
2021-04-01 12:37:24 UTC,12153633,0xa21bf99dae8182825c8c32da2423b43f1b35a42e9a34ef4c7c205fc0412a0b90,6071483021861961769845,1736576548140704604,0x724d5c9c618a2152e99a45649a3b8cf198321f46,0x58f4f0106d26832823cc2bd2a57a41c5ff0fa520,0x557b933a7c2c45672b610f8954a3deb39a51a8ca,0xc02aaa39b223fe8d0a0e5c4f27ead9083c756cc2
2021-03-14 08:13:55 UTC,12035544,0xd2ea324960183b841997b9e42e74d3138e253b264904635b45875e16442a00b2,3981561213899911431,2420166083522222661,0x73e02eaab68a41ea63bdae9dbd4b7678827b2352,0x68114744a3c5e364b12c154300693642491696a7,0x41d5d79431a913c4ae7d69a668ecdfe5ff9dfb68,0xc02aaa39b223fe8d0a0e5c4f27ead9083c756cc2
2021-04-17 13:01:22 UTC,12257761,0x86fec629842960061e94d4cc4d13970aeac42b7a708626adf9a6d54ba62e8d1b,1209132547690363343,452776543556324780,0x73e02eaab68a41ea63bdae9dbd4b7678827b2352,0xff274170fef74eb2f181f900c3f14978a5c6a35a,0x41d5d79431a913c4ae7d69a668ecdfe5ff9dfb68,0xc02aaa39b223fe8d0a0e5c4f27ead9083c756cc2
2021-03-14 07:59:00 UTC,12035466,0x6873b6ef4ca362b9e94edd97a10948315a612239023c9b848dc96ca37d6a3582,7870853970931419642,5131641359623976947,0x73e02eaab68a41ea63bdae9dbd4b7678827b2352,0x6a5dbf2fb5206ec8192620810c3edb6d5e62b188,0x41d5d79431a913c4ae7d69a668ecdfe5ff9dfb68,0xc02aaa39b223fe8d0a0e5c4f27ead9083c756cc2
2021-03-13 17:18:43 UTC,12031563,0xed3981d6d2d4065b262ceee607e770231cc62ed839323d00e2b9235f8afb1fcb,4244388963668065718,2646016281566816798,0x73e02eaab68a41ea63bdae9dbd4b7678827b2352,0x020cb5a75c25eeab93647f0fa973b4c6f5f5c238,0x41d5d79431a913c4ae7d69a668ecdfe5ff9dfb68,0xc02aaa39b223fe8d0a0e5c4f27ead9083c756cc2
2021-04-02 06:57:29 UTC,12158617,0x31bf9c6e7e2b24b9ede6e057dab27cf20628bfe7f0a857437a8fc38bfd4a7e53,1021027018210234118,485038754328795939,0x73e02eaab68a41ea63bdae9dbd4b7678827b2352,0xc508da4522783b3b65233760b5001cf9fa0f2d3d,0x41d5d79431a913c4ae7d69a668ecdfe5ff9dfb68,0xc02aaa39b223fe8d0a0e5c4f27ead9083c756cc2
2021-03-23 07:38:00 UTC,12093791,0x353bd8e9440d6315b1b7d6ca3093f7e8d33eb676c6d1752eb80d124ebe068c94,3914869546945958,2535905601277384,0x73e02eaab68a41ea63bdae9dbd4b7678827b2352,0xb6631e52e513eee0b8c932d7c76f8ccfa607a28e,0x41d5d79431a913c4ae7d69a668ecdfe5ff9dfb68,0xc02aaa39b223fe8d0a0e5c4f27ead9083c756cc2
2021-03-22 10:50:10 UTC,12088172,0x1b23e234dbc84ed8925075f0de078bda13309205e7c0886da8a4c297e0f1125d,13753350044577329960,9122521994279827310,0x73e02eaab68a41ea63bdae9dbd4b7678827b2352,0x16c731c75a743a1b487b7914ef44b2f415707a5f,0x41d5d79431a913c4ae7d69a668ecdfe5ff9dfb68,0xc02aaa39b223fe8d0a0e5c4f27ead9083c756cc2
2021-03-22 09:46:54 UTC,12087889,0x45b525b42040e9e9633e44dabf983008e3cd5a42d9bd2c3c75b1a0b28b68cba9,14078927580142450726,8946975403655138162,0x73e02eaab68a41ea63bdae9dbd4b7678827b2352,0x514e9525fa9681b651d6b83a57577de7f9ad8a9a,0x41d5d79431a913c4ae7d69a668ecdfe5ff9dfb68,0xc02aaa39b223fe8d0a0e5c4f27ead9083c756cc2
2021-04-03 07:45:17 UTC,12165363,0x50a5f3c78de5529c342fbf8c248df0116ef055de430818b3952463be69743ae2,19088475249824384357929,597126188188097671,0x7d9c8d888d03df89461c645bd1108ae138b63a2a,0x102dad7d217cfe92c232db215f24fbf37dcccffc,0x9f9c8ec3534c3ce16f928381372bfbfbfb9f4d24,0xc02aaa39b223fe8d0a0e5c4f27ead9083c756cc2
2021-04-07 07:07:43 UTC,12191260,0x710086cf09abceda4b13451f98f79086dfa93844e028256fbb06ef03b9804cf7,18733139951165651137612,778479873090535670,0x7d9c8d888d03df89461c645bd1108ae138b63a2a,0xeb79561a4ccd197941b40fc6625ffe3b47920f08,0x9f9c8ec3534c3ce16f928381372bfbfbfb9f4d24,0xc02aaa39b223fe8d0a0e5c4f27ead9083c756cc2
2021-03-14 16:17:35 UTC,12037724,0x95a4090200be488753fb805650cdadea8d88c6a74612bb84cd922d9469bf03dd,48809538049627241500864703286,1263014105472355636,0x811beed0119b4afce20d2583eb608c6f7af1954f,0x803d4d168976f40d1f5b561bc831effa8289e732,0x95ad61b0a150d79219dcf64e1e6cc01f0b64c4ce,0xc02aaa39b223fe8d0a0e5c4f27ead9083c756cc2
2021-04-19 23:58:37 UTC,12273606,0x341c97d69c7a683c48581c2e43822c9b425a6444b51a14424711cbd4d510ba65,971550789866107416569704134,1669020162669379736,0x811beed0119b4afce20d2583eb608c6f7af1954f,0x803d4d168976f40d1f5b561bc831effa8289e732,0x95ad61b0a150d79219dcf64e1e6cc01f0b64c4ce,0xc02aaa39b223fe8d0a0e5c4f27ead9083c756cc2
2021-04-14 22:33:49 UTC,12240928,0x8986891494ceaf798e64c1e350a0fb4bb0effdc76318fbe70b9ce2c6eb198314,2100179965040905357210,347639142549734106,0x819f3450da6f110ba6ea52195b3beafa246062de,0x8a4b89d76a1a745a4a1adebd3793253fba0adadc,0x7d1afa7b718fb893db30a3abc0cfc608aacfebb0,0xc02aaa39b223fe8d0a0e5c4f27ead9083c756cc2
2021-04-08 06:41:24 UTC,12197606,0x14bf514c3f3ad058041fde220510ee1a37e62814f7a38cb36d12248820d634d0,345667271685098,1038502957753869704,0x856e90282961c0e7f6693fd2f62b35d5df9783cf,0x4180d97b5cfbfceaf250f9eaf8cef71119c42afa,0x63726dae7c57d25e90ec829ce9a5c745ffd984d3,0xc02aaa39b223fe8d0a0e5c4f27ead9083c756cc2
2021-04-30 17:15:42 UTC,12343115,0x35468f629dab4743f3d2f8e8426eb8120436db652ffe6b03be2450017e985d87,50581730385885940814,327643821396372775,0x85cb0bab616fe88a89a35080516a8928f38b518b,0x48e4d3a215f3b9fadd512f30ff54f3f458b5344e,0x0cec1a9154ff802e7934fc916ed7ca50bde6844e,0xc02aaa39b223fe8d0a0e5c4f27ead9083c756cc2
2021-04-26 12:10:45 UTC,12315838,0x8a28f202091792594d49bc4c4a7f61a089c99837607b4ae59640783296dca0a9,57589172394530256538,387992149319106279,0x85cb0bab616fe88a89a35080516a8928f38b518b,0xe27c950fa19df1bf09ab2fd9831dac620045fada,0x0cec1a9154ff802e7934fc916ed7ca50bde6844e,0xc02aaa39b223fe8d0a0e5c4f27ead9083c756cc2
2021-04-12 18:55:31 UTC,12226983,0x57cbfad2cf42eeb2fb0357afa161fa46a91a7257a7d8c57968f9cfae50d9d613,119350069477822527737,1639434665022292360,0x85cb0bab616fe88a89a35080516a8928f38b518b,0xeb79561a4ccd197941b40fc6625ffe3b47920f08,0x0cec1a9154ff802e7934fc916ed7ca50bde6844e,0xc02aaa39b223fe8d0a0e5c4f27ead9083c756cc2
2021-04-26 16:13:32 UTC,12316985,0xb431e320a4b1eed532059e29b0d700e493c79e9d81f60576bfedd51443ef1dc3,2550415631720074097,595015305753365041,0x874376be8231dad99aabf9ef0767b3cc054c60ee,0x83334ef0c6f6396413c508a7762741e9fd8b20e9,0x27c70cd1946795b66be9d954418546998b546634,0xc02aaa39b223fe8d0a0e5c4f27ead9083c756cc2
2021-04-24 04:45:17 UTC,12300853,0x86e7acf19ced6d243404b2240cee4aa311fb6124396c6fa0bb574d506d3b8a0f,2559048054347388247,477414974268047848,0x874376be8231dad99aabf9ef0767b3cc054c60ee,0xe070e13c4af740a93109715b0c7c2ba7c30c4ef2,0x27c70cd1946795b66be9d954418546998b546634,0xc02aaa39b223fe8d0a0e5c4f27ead9083c756cc2
2021-03-26 14:46:48 UTC,12115248,0x0e2d19fb9c4b13b8e49fbbf30991ba731cbd7808ed20c85875506ea3aeb8b664,3533001159524067372517,6399919234364069186,0x8ae720a71622e824f576b4a8c03031066548a3b1,0x58e316d51ada862d71fba22ada6f56d00186af13,0x03ab458634910aad20ef5f1c8ee96f1d6ac54919,0xc02aaa39b223fe8d0a0e5c4f27ead9083c756cc2
2021-04-13 18:25:45 UTC,12233339,0x8d6cddbc862585a6c728312a6815d68039021dd3d4d96d57ffaa24bf1e138a7c,3011005136813091448217,4075840351299420148,0x8ae720a71622e824f576b4a8c03031066548a3b1,0x185c034bdc0ca1d66dc75650d33dea190315595b,0x03ab458634910aad20ef5f1c8ee96f1d6ac54919,0xc02aaa39b223fe8d0a0e5c4f27ead9083c756cc2
2021-04-07 04:19:23 UTC,12190498,0x762a1bc1684e699596051a98aecc5edc6c733cbc74f58125a11f7f9c6e4f5df8,3209512977105773436650,4680846694464270345,0x8ae720a71622e824f576b4a8c03031066548a3b1,0x0652dd3753cd000f11044ce37ee0e49cd106c2ea,0x03ab458634910aad20ef5f1c8ee96f1d6ac54919,0xc02aaa39b223fe8d0a0e5c4f27ead9083c756cc2
2021-04-13 18:28:19 UTC,12233359,0x24eff8131363cc3f5b725a2fa2ec8aa00a8b69fe0dcf89ef74015b2f136dc9d7,4949384126194143947614,6700919569226499144,0x8ae720a71622e824f576b4a8c03031066548a3b1,0x185c034bdc0ca1d66dc75650d33dea190315595b,0x03ab458634910aad20ef5f1c8ee96f1d6ac54919,0xc02aaa39b223fe8d0a0e5c4f27ead9083c756cc2
2021-05-05 17:45:33 UTC,12375659,0x832cda7a4d22bc29409ab9ad7353d5e89c3d28b5833b88d1c60af6d64b1db42f,169617930405133069225,925326639195773484,0x8d2a4cc2e2ca0f7ab011b686449dc82c3af924c7,0xd041c41ea1bf0f006adbb6d2c9ef9d425de5ead7,0x3155ba85d5f96b2d030a4966af206230e46849cb,0xc02aaa39b223fe8d0a0e5c4f27ead9083c756cc2
2021-04-22 05:04:52 UTC,12288028,0xa15d0e611269266ac2959c9d91e423095f95501c01896bb44130d7f6ceeff8fe,83009883053879280056,451412390455174041,0x8d2a4cc2e2ca0f7ab011b686449dc82c3af924c7,0x83334ef0c6f6396413c508a7762741e9fd8b20e9,0x3155ba85d5f96b2d030a4966af206230e46849cb,0xc02aaa39b223fe8d0a0e5c4f27ead9083c756cc2
2021-04-15 13:37:24 UTC,12244964,0xe214f02cee9d237cddde086ca3b8d1630b270cd57e4507d1e7adc0b664012764,5148887031818585929,31576189096667390,0x8d2a4cc2e2ca0f7ab011b686449dc82c3af924c7,0x4b3d3b57b86b03614f78d5d8fe27a2d85e4c8fa2,0x3155ba85d5f96b2d030a4966af206230e46849cb,0xc02aaa39b223fe8d0a0e5c4f27ead9083c756cc2
2021-04-10 12:28:48 UTC,12212151,0x4fd2968ecc5f1f486ef886ed0f93c3db867b3947a6667cf3061cd325e1b55a49,352295657162336215914,1989682056422466745,0x8d2a4cc2e2ca0f7ab011b686449dc82c3af924c7,0xedf7b675a2fe3c27efb263fb4c204a3f0fb17d46,0x3155ba85d5f96b2d030a4966af206230e46849cb,0xc02aaa39b223fe8d0a0e5c4f27ead9083c756cc2
2021-04-26 16:14:35 UTC,12316992,0x8e7f95eb6507d5237fc925736f2f1700f3e18e8538381b912d6135861a236d80,8230382733553588477121,494688664950141434,0x8f1c582b85259f7bbdb8c093f58268131a4ecd87,0x83334ef0c6f6396413c508a7762741e9fd8b20e9,0x63b8b7d4a3efd0735c4bffbd95b332a55e4eb851,0xc02aaa39b223fe8d0a0e5c4f27ead9083c756cc2
2021-04-04 19:08:10 UTC,12174963,0x349341dcb13f3f9989acf9219223c81ac8a34de89627123550b1dc5b49ed01fb,2875033909245474087475,507114898083131575,0x8f1c582b85259f7bbdb8c093f58268131a4ecd87,0xe72994419480d9a0b3ab38e53ef7d7c28c48193d,0x63b8b7d4a3efd0735c4bffbd95b332a55e4eb851,0xc02aaa39b223fe8d0a0e5c4f27ead9083c756cc2
2021-06-03 09:28:40 UTC,12560745,0x566f0b552bc02e208ca0dff051fc73af463d494de81646490d650b186cb4ee53,2064144866781166995836,65778880907541426,0x8f1c582b85259f7bbdb8c093f58268131a4ecd87,0x3cf83006047eb84410c80fe77990043c148a99ef,0x63b8b7d4a3efd0735c4bffbd95b332a55e4eb851,0xc02aaa39b223fe8d0a0e5c4f27ead9083c756cc2
2021-04-28 20:14:55 UTC,12331042,0x163d88c70103944c094c20145773db70acf3de0edec05d0d21d1d9a4b42cf06d,8289853461425865430613,509924362688814540,0x8f1c582b85259f7bbdb8c093f58268131a4ecd87,0x83334ef0c6f6396413c508a7762741e9fd8b20e9,0x63b8b7d4a3efd0735c4bffbd95b332a55e4eb851,0xc02aaa39b223fe8d0a0e5c4f27ead9083c756cc2
2021-03-31 06:50:01 UTC,12145608,0x0724a25189394e4fac4be8066a5876d02609f0d9c9feadd05ee7247b91104cfe,91177148917097071125,205990283581498890,0x974bfcc7b25f979950b58ce0cf8d9c621a9c771e,0x1ab83223ee734ea5151e345841c4cfdd34c67d3c,0x850aab69f0e0171a9a49db8be3e71351c8247df4,0xc02aaa39b223fe8d0a0e5c4f27ead9083c756cc2
2021-03-29 14:02:18 UTC,12134577,0xe4243d06bfd185a516da9ad2a7091272cf194088aec8601429ecc3f606539fcb,1846498199882907469112,3928372995002355624,0x974bfcc7b25f979950b58ce0cf8d9c621a9c771e,0x16c731c75a743a1b487b7914ef44b2f415707a5f,0x850aab69f0e0171a9a49db8be3e71351c8247df4,0xc02aaa39b223fe8d0a0e5c4f27ead9083c756cc2
2021-04-19 02:50:45 UTC,12267939,0x7025cdd66b45f122d0d4eeb1b1486b939eae114aeb411a48d05372db6301ee79,335023415278181768160,420136855124534381,0x974bfcc7b25f979950b58ce0cf8d9c621a9c771e,0x6caa5c6b9b690879bb229e6b19cb2b755c4efe5b,0x850aab69f0e0171a9a49db8be3e71351c8247df4,0xc02aaa39b223fe8d0a0e5c4f27ead9083c756cc2
2021-03-28 14:31:21 UTC,12128164,0x867d2a786f9366b669ec51047b736b5ac8d3c17843ff1610863715d46aafedc2,362785005552270905093,761068345104173752,0x974bfcc7b25f979950b58ce0cf8d9c621a9c771e,0x02b6bd2420ccadc38726bd34bb7f5c52b3f4f3ff,0x850aab69f0e0171a9a49db8be3e71351c8247df4,0xc02aaa39b223fe8d0a0e5c4f27ead9083c756cc2
2021-03-31 10:42:54 UTC,12146617,0xbbf2924cb54f40de8bd1920d72e98dfe77421cdd9784c6cd6569920d72cdf758,1236015043113557616973,2759443472732548097,0x974bfcc7b25f979950b58ce0cf8d9c621a9c771e,0xd1b81213599f5ea2b1ba53738425e80da7b57b53,0x850aab69f0e0171a9a49db8be3e71351c8247df4,0xc02aaa39b223fe8d0a0e5c4f27ead9083c756cc2
2021-03-24 09:38:28 UTC,12100828,0xaffb89bc5401e1293740b1304e4a28187548cc752cf449956d086771a4df0c3b,224859638996954325,510504498426129,0x974bfcc7b25f979950b58ce0cf8d9c621a9c771e,0xb6631e52e513eee0b8c932d7c76f8ccfa607a28e,0x850aab69f0e0171a9a49db8be3e71351c8247df4,0xc02aaa39b223fe8d0a0e5c4f27ead9083c756cc2
2021-03-24 13:05:31 UTC,12101709,0x3fd8de1db1eadcc6b0d1c2cd1a9e9ced167ce90887ba0dcb25f74f2bc3df9e3f,95267415974919448698,217396944880736010,0x974bfcc7b25f979950b58ce0cf8d9c621a9c771e,0xc35a8e70b0530d2bff51daedbcf752d8dafde91b,0x850aab69f0e0171a9a49db8be3e71351c8247df4,0xc02aaa39b223fe8d0a0e5c4f27ead9083c756cc2
2021-03-24 12:48:55 UTC,12101633,0x75210ad6d2ece0fce13cd49ea66cdbdbc2338569346cabafeaff9a00365e9fc5,1023986060733946654568,2298312852833564327,0x974bfcc7b25f979950b58ce0cf8d9c621a9c771e,0xc35a8e70b0530d2bff51daedbcf752d8dafde91b,0x850aab69f0e0171a9a49db8be3e71351c8247df4,0xc02aaa39b223fe8d0a0e5c4f27ead9083c756cc2
2021-04-03 22:33:13 UTC,12169327,0x9079c6d8fda6cab8de4655baa7b9382b78c0825ee1ba1813689a50988be6d310,286080886338425353901,503908342005489242,0x974bfcc7b25f979950b58ce0cf8d9c621a9c771e,0xe72994419480d9a0b3ab38e53ef7d7c28c48193d,0x850aab69f0e0171a9a49db8be3e71351c8247df4,0xc02aaa39b223fe8d0a0e5c4f27ead9083c756cc2
2021-03-23 07:39:41 UTC,12093804,0xd69132ea116cbc4443633b4a7feb306fe36dae80f3de6a595f984cf818be6749,453287416541910341,1076007640444773,0x974bfcc7b25f979950b58ce0cf8d9c621a9c771e,0xb6631e52e513eee0b8c932d7c76f8ccfa607a28e,0x850aab69f0e0171a9a49db8be3e71351c8247df4,0xc02aaa39b223fe8d0a0e5c4f27ead9083c756cc2
2021-03-21 08:24:53 UTC,12081028,0x9a7c5baceef3f94c6ac784ce03d68445e01832f65114ff38d861d25008d02c6f,179006621539271327353,424840421922007921,0x974bfcc7b25f979950b58ce0cf8d9c621a9c771e,0x5edd130efc31eff7c682bf4b5a24de639c9757de,0x850aab69f0e0171a9a49db8be3e71351c8247df4,0xc02aaa39b223fe8d0a0e5c4f27ead9083c756cc2
2021-03-24 02:14:30 UTC,12098840,0x15c2846eeae49161c2520153102451f906ae0e48376f88e8e1135f708b5dbdad,220735137475484002,505384796772459,0x974bfcc7b25f979950b58ce0cf8d9c621a9c771e,0xb6631e52e513eee0b8c932d7c76f8ccfa607a28e,0x850aab69f0e0171a9a49db8be3e71351c8247df4,0xc02aaa39b223fe8d0a0e5c4f27ead9083c756cc2
2021-04-10 09:11:13 UTC,12211251,0xcaed4a3117e68fd15c39229a4cc756885df2486def2c0289930d7e181510ce72,583341088827108773860,1016292853240404592,0x974bfcc7b25f979950b58ce0cf8d9c621a9c771e,0xe72994419480d9a0b3ab38e53ef7d7c28c48193d,0x850aab69f0e0171a9a49db8be3e71351c8247df4,0xc02aaa39b223fe8d0a0e5c4f27ead9083c756cc2
2021-03-18 23:25:28 UTC,12065641,0x47a54d46b7fd7d595dada1d68ed71a0eaefa5d07e37b6d18d09ca9757a23586e,754628369844071030463,1748147910439599373,0x974bfcc7b25f979950b58ce0cf8d9c621a9c771e,0x803d4d168976f40d1f5b561bc831effa8289e732,0x850aab69f0e0171a9a49db8be3e71351c8247df4,0xc02aaa39b223fe8d0a0e5c4f27ead9083c756cc2
2021-04-10 21:11:12 UTC,12214542,0x1e5439b7effcc5145430466bcb8cae83cb2916a191ae404437e330cd5b8d1ac4,78961226988946994003,137674702600748110,0x974bfcc7b25f979950b58ce0cf8d9c621a9c771e,0x53797a73169c9cec4b573db7139703152fe9e41d,0x850aab69f0e0171a9a49db8be3e71351c8247df4,0xc02aaa39b223fe8d0a0e5c4f27ead9083c756cc2
2021-03-24 13:02:40 UTC,12101692,0xfe4750c5d356dbc441008c9d59d2f4533c306e8b3e94f2d222f131a417b0c605,1030795345488365750673,2283251389245516236,0x974bfcc7b25f979950b58ce0cf8d9c621a9c771e,0xc35a8e70b0530d2bff51daedbcf752d8dafde91b,0x850aab69f0e0171a9a49db8be3e71351c8247df4,0xc02aaa39b223fe8d0a0e5c4f27ead9083c756cc2
2021-03-20 10:29:42 UTC,12075153,0x151c7d0d42db8ce5f7e9d0232d3bc6eb8d93aa84cef3e6752ba40ffa1bf4d699,204951379670988929796,485650292372178791,0x974bfcc7b25f979950b58ce0cf8d9c621a9c771e,0x92917666b0ffbd39d4ce4fcf2df1c6c4808cfdb6,0x850aab69f0e0171a9a49db8be3e71351c8247df4,0xc02aaa39b223fe8d0a0e5c4f27ead9083c756cc2
2021-04-02 18:56:38 UTC,12161851,0x59d7cb606ea1db14f6219d7bb2aae4727b8c48de9dfacdd960fc19be6d1dca2b,1970551315802229881374,3756081411352117084,0x974bfcc7b25f979950b58ce0cf8d9c621a9c771e,0x514e9525fa9681b651d6b83a57577de7f9ad8a9a,0x850aab69f0e0171a9a49db8be3e71351c8247df4,0xc02aaa39b223fe8d0a0e5c4f27ead9083c756cc2
2021-06-27 08:08:19 UTC,12714962,0x7b9f7032753eb35c76715f52da07da8727858f92c0342a1d1c9508017cd7bbc9,10510943049407949846707,1721027391682005202,0x974bfcc7b25f979950b58ce0cf8d9c621a9c771e,0x42ecfc3b1e2b76b8aaed9bd097ba9a316c38e1ea,0x850aab69f0e0171a9a49db8be3e71351c8247df4,0xc02aaa39b223fe8d0a0e5c4f27ead9083c756cc2
2021-05-03 00:43:30 UTC,12358046,0xaa33bf1154cfd32a1f8a2c623aa499d02733ace598e8bcfd5f157bac4289e019,663824774651213471201631,210401095680800517,0x9973bb0fe5f8df5de730776df09e946c74254fb3,0x5a39e2d5a81fe9e630ee574df446b78f742f5d9e,0x374cb8c27130e2c9e04f44303f3c8351b9de61c1,0xc02aaa39b223fe8d0a0e5c4f27ead9083c756cc2
2021-03-09 03:51:46 UTC,12002000,0xd73e0c352ec1c4919a1e7e53d3324b17c897afd54f203fb9975089fb1d71ab7b,64744122873044137986,104216890064486894,0x99dfde431b40321a35deb6aeb55cf338ddd6eccd,0x8a4b89d76a1a745a4a1adebd3793253fba0adadc,0x0202be363b8a4820f3f4de7faf5224ff05943ab1,0xc02aaa39b223fe8d0a0e5c4f27ead9083c756cc2
2021-04-04 01:16:47 UTC,12170100,0xa567a31706b3af575a18170a50cf843413ba364c0520ea3ec522c183cce3b218,9684990178125520270,10822798067128801,0x99dfde431b40321a35deb6aeb55cf338ddd6eccd,0x8a4b89d76a1a745a4a1adebd3793253fba0adadc,0x0202be363b8a4820f3f4de7faf5224ff05943ab1,0xc02aaa39b223fe8d0a0e5c4f27ead9083c756cc2
2021-04-20 22:01:03 UTC,12279667,0x8eb33b489499d0f6b334c3827b885f3124a1c954d48a664ab231ee82090e1bf2,1578391493880500675565,2992130801082698371,0x9c4cc862f51b1ba90485de3502aa058ca4331f32,0x18f768455e7f5fb09fc491fd86bcc282bcdd5973,0x26c8afbbfe1ebaca03c2bb082e69d0476bffe099,0xc02aaa39b223fe8d0a0e5c4f27ead9083c756cc2
2021-04-14 16:50:09 UTC,12239382,0x8aefcff732e83cea81410db317c54804cad69b168f5026839f1ab53fe8484bdb,1262902878890825250033,1889945915872181129,0x9c4cc862f51b1ba90485de3502aa058ca4331f32,0x803d4d168976f40d1f5b561bc831effa8289e732,0x26c8afbbfe1ebaca03c2bb082e69d0476bffe099,0xc02aaa39b223fe8d0a0e5c4f27ead9083c756cc2
2021-04-20 16:01:11 UTC,12277990,0x004ccecabc58e97a237b204c2e2ee19d13f7263699fd5304e781722e985632d3,264495329105138466895,644417609587922499,0x9c5de3ad97b95a0da09fd0de84c347db450cd75c,0x4754906bc6f580e821c6975822eb7c123a0ce578,0x5a666c7d92e5fa7edcb6390e4efd6d0cdd69cf37,0xc02aaa39b223fe8d0a0e5c4f27ead9083c756cc2
2021-04-15 01:55:13 UTC,12241812,0xed5e8d4aa5a5e4057777122a80578a84d4fa9171b8ffd37e89983b0d4f9c627b,321568191051659505505,706467506170217893,0x9c5de3ad97b95a0da09fd0de84c347db450cd75c,0x094a9009fe93a85658e4b49604fd8177620f8cd8,0x5a666c7d92e5fa7edcb6390e4efd6d0cdd69cf37,0xc02aaa39b223fe8d0a0e5c4f27ead9083c756cc2
2021-04-02 13:56:10 UTC,12160473,0x67cba4f266548210c9e2a96cf14fc75765c25f09bdab350939469a70f14c722a,36874685438828659987,98441026968183006,0x9c5de3ad97b95a0da09fd0de84c347db450cd75c,0xa044468730b5d51c7ce785ee04ae6bc963f8a7c7,0x5a666c7d92e5fa7edcb6390e4efd6d0cdd69cf37,0xc02aaa39b223fe8d0a0e5c4f27ead9083c756cc2
2021-04-07 07:25:04 UTC,12191348,0x2cdd8ea37236a56a90d73d2c7b560bb37c9c587d08113487ee2b5c750eab7ccf,96107593650298667045,402150843063958242,0x9c5de3ad97b95a0da09fd0de84c347db450cd75c,0x25d18c2470adfa0c733d9234c5211ba977afc50e,0x5a666c7d92e5fa7edcb6390e4efd6d0cdd69cf37,0xc02aaa39b223fe8d0a0e5c4f27ead9083c756cc2
2021-04-06 20:58:55 UTC,12188510,0x1af44740080b865f6112e54ca35bf6924ece44ec19a73a2d1a6d7e7de69237ea,576581325550439501507,2388187290353843774,0x9c5de3ad97b95a0da09fd0de84c347db450cd75c,0xc42dbb0986a2b6d30fe7e889aaf6ba2a72ca9d2e,0x5a666c7d92e5fa7edcb6390e4efd6d0cdd69cf37,0xc02aaa39b223fe8d0a0e5c4f27ead9083c756cc2
2021-04-04 21:53:27 UTC,12175722,0x4e3a55a3e0ed2333ae6382bbb17945f4bf2d2743c0b731b3bdd03bbfb76b6ab1,72729664278964078215,217481084336973973,0x9c5de3ad97b95a0da09fd0de84c347db450cd75c,0xb9393836755de736ecb99e503448bd6f2474330c,0x5a666c7d92e5fa7edcb6390e4efd6d0cdd69cf37,0xc02aaa39b223fe8d0a0e5c4f27ead9083c756cc2
2021-04-11 14:58:09 UTC,12219303,0xc317df1302c52b1b2054e60b68fc68093cd9221fc7400ab41d2a753b5138774c,151879782015845313382,411356414306286339,0x9c5de3ad97b95a0da09fd0de84c347db450cd75c,0x48e4d3a215f3b9fadd512f30ff54f3f458b5344e,0x5a666c7d92e5fa7edcb6390e4efd6d0cdd69cf37,0xc02aaa39b223fe8d0a0e5c4f27ead9083c756cc2
2021-04-24 03:48:23 UTC,12300584,0x74645440563e2ac53218c7ade3b2e634590481ba373a01c8c6fbfd0d53771c3c,357795400648754628434,670139699176017608,0x9c5de3ad97b95a0da09fd0de84c347db450cd75c,0xeb79561a4ccd197941b40fc6625ffe3b47920f08,0x5a666c7d92e5fa7edcb6390e4efd6d0cdd69cf37,0xc02aaa39b223fe8d0a0e5c4f27ead9083c756cc2
2021-04-17 12:47:38 UTC,12257690,0x8226968f8e68955e3ae5a65f315585844cb4d9e67c6b879bb1f27493d0c42970,3157357061384137230,1659891766856224527,0x9ca8aef2372c705d6848fdda3c1267a7f51267c1,0x5c389ac09711415d861cf88e4f4235a223180977,0x90de74265a416e1393a450752175aed98fe11517,0xc02aaa39b223fe8d0a0e5c4f27ead9083c756cc2
2021-04-22 14:51:50 UTC,12290676,0xedb82957541a593fdce775bce06df16d3484d621ca7f8c0b5bdb99d041d1dc88,13384328056074098100,5036381528416964955,0x9ca8aef2372c705d6848fdda3c1267a7f51267c1,0x094a9009fe93a85658e4b49604fd8177620f8cd8,0x90de74265a416e1393a450752175aed98fe11517,0xc02aaa39b223fe8d0a0e5c4f27ead9083c756cc2
2021-04-20 16:01:11 UTC,12277990,0xff45154ce2735f6e066c99dd0766f6794f8e10819027077eb8eeb7b70a07473c,2307419628550850380,940498232228583515,0x9ca8aef2372c705d6848fdda3c1267a7f51267c1,0x4754906bc6f580e821c6975822eb7c123a0ce578,0x90de74265a416e1393a450752175aed98fe11517,0xc02aaa39b223fe8d0a0e5c4f27ead9083c756cc2
2021-04-14 02:20:11 UTC,12235490,0x6eb9d59a30c32e69fa057addf21a2c8c5680600a411eb27a35f62863df3c94b9,1477168956198407909,1258988842316192826,0x9ca8aef2372c705d6848fdda3c1267a7f51267c1,0xbd855a0c8066ed7ad4892787b421c25e6e0902f6,0x90de74265a416e1393a450752175aed98fe11517,0xc02aaa39b223fe8d0a0e5c4f27ead9083c756cc2
2021-03-13 18:49:20 UTC,12031958,0xe93d3b226c7a349f2aef95b31222280142de3b851c809899cc8f2ad1a19dce97,123503652289214194647,1952123606184985191,0xa2107fa5b38d9bbd2c461d6edf11b11a50f6b974,0xf1846a6b331e2746e4a8ce2d792e7b385393f6f0,0x514910771af9ca656af840dff83e8264ecf986ca,0xc02aaa39b223fe8d0a0e5c4f27ead9083c756cc2
2021-03-24 01:59:09 UTC,12098777,0x09810860ae0938c4a59f2dd5b349aa0ac368d6ef1025fcccc4a8228a56b679f0,9998603360295101435,5992067258788115,0xa478c2975ab1ea89e8196811f51a7b7ade33eb11,0xb6631e52e513eee0b8c932d7c76f8ccfa607a28e,0x6b175474e89094c44da98b954eedeac495271d0f,0xc02aaa39b223fe8d0a0e5c4f27ead9083c756cc2
2021-04-27 17:15:46 UTC,12323732,0xbdb8c759b9c3f762344ae097b1b2d1bb8a3908764a95d5a80b9be723baf3b5ea,111293546825975681534,1365895815095931758,0xb13201b48b1e61593df055576964d0b3aab66ea3,0x02b6bd2420ccadc38726bd34bb7f5c52b3f4f3ff,0x6dea81c8171d0ba574754ef6f8b412f2ed88c54d,0xc02aaa39b223fe8d0a0e5c4f27ead9083c756cc2
2021-03-31 21:57:33 UTC,12149714,0x76a41e496206ac1a19c2b4fed1bcb5949d35104730b07134b3714b27c4f7ac72,6524802080656739135634,980302111880434869,0xb8172076ceb35b6701f96eb9088818efc010bd44,0x83334ef0c6f6396413c508a7762741e9fd8b20e9,0x066798d9ef0833ccc719076dab77199ecbd178b0,0xc02aaa39b223fe8d0a0e5c4f27ead9083c756cc2
2021-03-26 21:42:03 UTC,12117158,0xaaf7ae85f96015b394352b2b0d0a1830a8f6cdbab3760ae764e93d035706fde8,4797748640897021549224,667026561872427772,0xb8172076ceb35b6701f96eb9088818efc010bd44,0x7adc457434e8c57737ad2ace768a863865f2aabc,0x066798d9ef0833ccc719076dab77199ecbd178b0,0xc02aaa39b223fe8d0a0e5c4f27ead9083c756cc2
2021-03-23 21:23:50 UTC,12097523,0xf0ed2bef7e8b5899062aed80584cd8356883a8b96e50ddb261ace4249b8e54d0,3797440669484326320,926922702247765,0xb8172076ceb35b6701f96eb9088818efc010bd44,0xb6631e52e513eee0b8c932d7c76f8ccfa607a28e,0x066798d9ef0833ccc719076dab77199ecbd178b0,0xc02aaa39b223fe8d0a0e5c4f27ead9083c756cc2
2021-03-24 19:08:25 UTC,12103379,0xa199fd3e8a69f5e46e4fbff6ce141c1b98f5902c7c25d38bbbf19417eb54e714,2053131350740960641,446416297127439,0xb8172076ceb35b6701f96eb9088818efc010bd44,0xb6631e52e513eee0b8c932d7c76f8ccfa607a28e,0x066798d9ef0833ccc719076dab77199ecbd178b0,0xc02aaa39b223fe8d0a0e5c4f27ead9083c756cc2
2021-03-23 22:50:09 UTC,12097910,0xafc5d97d55a69e9608040619a856c4d953a02dc5757076c79550265a5503ceb5,19593563891919203861,4961321784629584,0xb8172076ceb35b6701f96eb9088818efc010bd44,0xb6631e52e513eee0b8c932d7c76f8ccfa607a28e,0x066798d9ef0833ccc719076dab77199ecbd178b0,0xc02aaa39b223fe8d0a0e5c4f27ead9083c756cc2
2021-03-24 02:51:36 UTC,12099004,0x8164d55934d8b48076b8a7ca0067cb9f109e53f092cccb4848399fd717224d19,22007531813850032686,4857681716539565,0xb8172076ceb35b6701f96eb9088818efc010bd44,0xb6631e52e513eee0b8c932d7c76f8ccfa607a28e,0x066798d9ef0833ccc719076dab77199ecbd178b0,0xc02aaa39b223fe8d0a0e5c4f27ead9083c756cc2
2021-03-21 07:53:27 UTC,12080895,0xe1e104270a6d041563cd10d45230c6f0fbc3314a48ad8c67cd77685de31b5853,1420669357501665664419,246910515050001179,0xb8172076ceb35b6701f96eb9088818efc010bd44,0xe88f42474046183f2367066cd940e74ded8085fe,0x066798d9ef0833ccc719076dab77199ecbd178b0,0xc02aaa39b223fe8d0a0e5c4f27ead9083c756cc2
2021-03-31 22:17:27 UTC,12149810,0x53e52ce9a08293c0048f7de04c0f7a7c7b1198211f71b30aa77ab06e87b10f0a,116115974293510463912,2097976770887557398,0xbf4ff08b9a3bbb77a362b609119100545c0445fe,0x803d4d168976f40d1f5b561bc831effa8289e732,0x1796ae0b0fa4862485106a0de9b654efe301d0b2,0xc02aaa39b223fe8d0a0e5c4f27ead9083c756cc2
2021-05-05 06:14:59 UTC,12372552,0x1dc316dc602d5794c9f0ad0c0135cdf13b05be53c25b0b122d0b0fafa673edcf,151169554146,318916752331333718,0xc0067d751fb1172dbab1fa003efe214ee8f419b6,0x1ab83223ee734ea5151e345841c4cfdd34c67d3c,0x4206931337dc273a630d328da6441786bfad668f,0xc02aaa39b223fe8d0a0e5c4f27ead9083c756cc2
2021-03-18 22:27:01 UTC,12065366,0x131352bd5ee1b9d5d4b8f4dbd27fe512155d7c51119877f34416d6a3a6f6c03d,692442770637409723803,964837058660530875,0xc8ca3c0f011fe42c48258ecbbf5d94c51f141c17,0xc90923827d774955dc6798fff540c4e2d29f2dbe,0x1fe24f25b1cf609b9c4e7e12d802e3640dfa5e43,0xc02aaa39b223fe8d0a0e5c4f27ead9083c756cc2
2021-03-13 20:39:25 UTC,12032426,0xe4dbc7fe5969e207dc15a16d722be292e51902e972957438a25fb76c36c76d14,860769669843651473527,1481208450373954428,0xc8ca3c0f011fe42c48258ecbbf5d94c51f141c17,0x803d4d168976f40d1f5b561bc831effa8289e732,0x1fe24f25b1cf609b9c4e7e12d802e3640dfa5e43,0xc02aaa39b223fe8d0a0e5c4f27ead9083c756cc2
2021-03-13 09:22:51 UTC,12029358,0x58b99534d376f42c34bcffa63696532d8b11a195d72475cc1909bc2ccb66bcfc,423716748740951039204,579598954433367760,0xc8ca3c0f011fe42c48258ecbbf5d94c51f141c17,0x5136cdfc4d2b1a74774f5137095f82f88af5ec99,0x1fe24f25b1cf609b9c4e7e12d802e3640dfa5e43,0xc02aaa39b223fe8d0a0e5c4f27ead9083c756cc2
2021-03-12 09:46:14 UTC,12022962,0x781a6fdf8e5fd68863fa54d89e3dc7d55e996c954e5ee22adba402c915c21d6d,29204669,95677736645217571,0xcc3d1ecef1f9fd25599dbea2755019dc09db3c54,0x1ab83223ee734ea5151e345841c4cfdd34c67d3c,0x476c5e26a75bd202a9683ffd34359c0cc15be0ff,0xc02aaa39b223fe8d0a0e5c4f27ead9083c756cc2
2021-03-20 01:12:41 UTC,12072629,0xc1f0582ad2995fa120f594d30c99e863d6af75cf7a3129e0cc6be09dcdd00ba0,3510867584994070200,105668991994806666,0xcd6bcca48069f8588780dfa274960f15685aee0e,0x1ab83223ee734ea5151e345841c4cfdd34c67d3c,0x88acdd2a6425c3faae4bc9650fd7e27e0bebb7ab,0xc02aaa39b223fe8d0a0e5c4f27ead9083c756cc2
2021-05-07 05:46:29 UTC,12385407,0x2dcaff681d8cd66bdc620368119b4e7a28af2586654224cafa7246b8bcf6c5ef,919040353319240317361,421121037507689283,0xce2cc0513634cef3a7c9c257e294ef5e3092f185,0xeb79561a4ccd197941b40fc6625ffe3b47920f08,0x8207c1ffc5b6804f6024322ccf34f29c3541ae26,0xc02aaa39b223fe8d0a0e5c4f27ead9083c756cc2
2021-04-20 13:06:01 UTC,12277178,0x8584a69b7caffa8989339a8406de972061c87a87797cfe834940e564e385ff25,238719747842719741153,1337097199255151363,0xce84867c3c02b05dc570d0135103d3fb9cc19433,0x4754906bc6f580e821c6975822eb7c123a0ce578,0x6b3595068778dd592e39a122f4f5a5cf09c90fe2,0xc02aaa39b223fe8d0a0e5c4f27ead9083c756cc2
2021-05-19 23:26:47 UTC,12467763,0x042b91cb7dcfb3c667154d4245bf770acd1cc71c3088668a971dd45a5dfac3ed,6162416780582484940,1211993410505499696,0xcffdded873554f362ac02f8fb1f02e5ada10516f,0xb126afa1075bbfbbe49e8321c6016f9b7ce5ca13,0xc00e94cb662c3520282e6f5717214004a7f26888,0xc02aaa39b223fe8d0a0e5c4f27ead9083c756cc2
2021-03-12 03:18:46 UTC,12021253,0x25f54fee6cfd9356143b7c3304c8ff0475eb98afdc53e7d679041779225f7d06,4672641539583548353,64731452843353446,0xd583d0824ed78767e0e35b9bf7a636c81c665aa8,0x1ab83223ee734ea5151e345841c4cfdd34c67d3c,0xa8b919680258d369114910511cc87595aec0be6d,0xc02aaa39b223fe8d0a0e5c4f27ead9083c756cc2
2021-04-20 23:41:39 UTC,12280122,0x12ac23d0fb457ff3434b99c22e93b374687cd3197b6a2c2d5cdcb1f2fd94eded,2794189673509703874214217112,5604010482135412557,0xda3a20aad0c34fa742bd9813d45bbf67c787ae0b,0x5c389ac09711415d861cf88e4f4235a223180977,0x3301ee63fb29f863f2333bd4466acb46cd8323e6,0xc02aaa39b223fe8d0a0e5c4f27ead9083c756cc2
2021-04-22 06:52:14 UTC,12288514,0xc95fd6e73b5be27bb9627689ee685df175cd6472b7f75ecc4e414dd4e9efc59f,1599698257848690383134982007,1314542830261150943,0xda3a20aad0c34fa742bd9813d45bbf67c787ae0b,0x803d4d168976f40d1f5b561bc831effa8289e732,0x3301ee63fb29f863f2333bd4466acb46cd8323e6,0xc02aaa39b223fe8d0a0e5c4f27ead9083c756cc2
2021-04-17 21:52:57 UTC,12260110,0x2ffe2ab249d3999b3ac18384f24bf64a15c9677d8085f65139c5696439de5f9f,3315603257888618539582267749,2001866747736195014,0xda3a20aad0c34fa742bd9813d45bbf67c787ae0b,0x803d4d168976f40d1f5b561bc831effa8289e732,0x3301ee63fb29f863f2333bd4466acb46cd8323e6,0xc02aaa39b223fe8d0a0e5c4f27ead9083c756cc2
2021-04-30 08:41:57 UTC,12340843,0x1bcd5b4090815b56ad4518aefd6e4d09541ffe5a45f1680f340501dd3ea05956,435826398117880510,213442358103657898,0xdc3e94ddf605864b79fce18c7cf974e579001e7b,0xb0532587e4ff1df79331e36ca519a4589cc91e9b,0x6c28aef8977c9b773996d0e8376d2ee379446f2f,0xc02aaa39b223fe8d0a0e5c4f27ead9083c756cc2
2021-06-16 05:00:17 UTC,12643528,0x6f035cb0b64113d3c124bc9ebd6d1e4c104e82a7736cd1ac99f8fc76594f4204,2577543622839543610,557738713213309663,0xdc3e94ddf605864b79fce18c7cf974e579001e7b,0x97e57c2c1120e4559083964c69674177b0878fd8,0x6c28aef8977c9b773996d0e8376d2ee379446f2f,0xc02aaa39b223fe8d0a0e5c4f27ead9083c756cc2
2021-03-17 04:00:42 UTC,12053875,0x0301f63b7a21b05cf9263da487645c5258ca4ed9bf0e958a09d6fe282bc6625f,1776433579258940480857,1516567373913112836,0xdc3f6f4c00b55f56d5ef6293b762c6483af24a82,0x803d4d168976f40d1f5b561bc831effa8289e732,0x8185bc4757572da2a610f887561c32298f1a5748,0xc02aaa39b223fe8d0a0e5c4f27ead9083c756cc2
2021-03-25 13:26:07 UTC,12108345,0x8e108503640375b8ecfe542bc149b692423b3c5852d89a71af61d6eacf7b8caf,2535587280890087051275,1205671315370931831,0xdc3f6f4c00b55f56d5ef6293b762c6483af24a82,0x803d4d168976f40d1f5b561bc831effa8289e732,0x8185bc4757572da2a610f887561c32298f1a5748,0xc02aaa39b223fe8d0a0e5c4f27ead9083c756cc2
2021-03-30 07:25:20 UTC,12139274,0x8839642eb5ad7d64f1b2503ca19e5f3fdc7ca045f8e6d711417369583b8ad43a,611192769365120958849,260950451760615235,0xdc3f6f4c00b55f56d5ef6293b762c6483af24a82,0x803d4d168976f40d1f5b561bc831effa8289e732,0x8185bc4757572da2a610f887561c32298f1a5748,0xc02aaa39b223fe8d0a0e5c4f27ead9083c756cc2
2021-04-28 07:01:31 UTC,12327431,0xd1221ec3717293e8dd88285db782855cf01348519ce5ab73caf168e922347cfd,23550216067213564064203,6413940614286788793,0xe5c5227d8105d8d5f26ff3634eb52e2d7cc15b50,0xee1f07f88934c2811e3dcabdf438d975c3d62cd3,0x00a8b738e453ffd858a7edf03bccfe20412f0eb0,0xc02aaa39b223fe8d0a0e5c4f27ead9083c756cc2
2021-03-12 04:00:19 UTC,12021444,0x377c21e40abfec82d928168f9fae2072c91e0027612d98fbd472eb3764e05c6e,9459090960037398223667,2628051880920350604,0xe6f19dab7d43317344282f803f8e8d240708174a,0x817c6e2d3ab3ab9210a19ea47b24c523750eadc5,0x85eee30c52b0b379b046fb0f85f4f3dc3009afec,0xc02aaa39b223fe8d0a0e5c4f27ead9083c756cc2
2021-03-11 17:38:58 UTC,12018689,0x19c9b3de2f8612a6b44f2692138ea8118ec3a6744a7158285dead2105bf231c6,5673957848796907862,1924955267733627,0xe7607a563105f7dba8beb87ad7f5b3a9ec793958,0x1ab83223ee734ea5151e345841c4cfdd34c67d3c,0x159751323a9e0415dd3d6d42a1212fe9f4a0848c,0xc02aaa39b223fe8d0a0e5c4f27ead9083c756cc2
2021-04-29 04:57:22 UTC,12333339,0x4ea552e06af10c25402a3951857af89cb94977a8793c1bc60ec326321b0160fc,4614703077886830399528,458381663897658150,0xe7607a563105f7dba8beb87ad7f5b3a9ec793958,0x83334ef0c6f6396413c508a7762741e9fd8b20e9,0x159751323a9e0415dd3d6d42a1212fe9f4a0848c,0xc02aaa39b223fe8d0a0e5c4f27ead9083c756cc2
2021-03-24 07:43:51 UTC,12100326,0x13e3b28b9a185df96beae91e1ea2d033e0617f07dcf668581911e7a98e95c9a6,15968656667058654534,4985945266740601,0xe7607a563105f7dba8beb87ad7f5b3a9ec793958,0xb6631e52e513eee0b8c932d7c76f8ccfa607a28e,0x159751323a9e0415dd3d6d42a1212fe9f4a0848c,0xc02aaa39b223fe8d0a0e5c4f27ead9083c756cc2
2021-03-11 08:59:05 UTC,12016332,0x4cbe9e3d97a0d497fac0739c57197dcba04eb7e8775f85be20d93d235fde4f6b,249415501729228198700,87801046580256827,0xe7607a563105f7dba8beb87ad7f5b3a9ec793958,0x1ab83223ee734ea5151e345841c4cfdd34c67d3c,0x159751323a9e0415dd3d6d42a1212fe9f4a0848c,0xc02aaa39b223fe8d0a0e5c4f27ead9083c756cc2
2021-05-06 14:14:57 UTC,12381191,0x87bae80163927286855a6f92db65d439918a4882931a3dfa501ec284119ca0d6,11847903548839825225448,189709977661665726,0xee9b50b74a132912cf55e7699ef3aa7ae2b00e0c,0x5a39e2d5a81fe9e630ee574df446b78f742f5d9e,0x17ef75aa22dd5f6c2763b8304ab24f40ee54d48a,0xc02aaa39b223fe8d0a0e5c4f27ead9083c756cc2
2021-05-05 05:03:56 UTC,12372245,0xdb8b0a6ccc71f4a7b3ef5715edbb4a516b209402a6426ce6e553f93ed583e63b,1990850389440234105964,49751266114080918,0xee9b50b74a132912cf55e7699ef3aa7ae2b00e0c,0x83334ef0c6f6396413c508a7762741e9fd8b20e9,0x17ef75aa22dd5f6c2763b8304ab24f40ee54d48a,0xc02aaa39b223fe8d0a0e5c4f27ead9083c756cc2
2021-04-11 21:33:07 UTC,12221201,0x696f30ef4fdf2f0017b683410f0d97f354164fd67daa1ffb4122ad106f6bb9ab,205358126526559972912,97838212716915207,0xf20ef17b889b437c151eb5ba15a47bfc62bff469,0x2c5936f28cb0afc737510232bc013e7103f97b64,0x5f98805a4e8be255a32880fdec7f6728c6568ba0,0xc02aaa39b223fe8d0a0e5c4f27ead9083c756cc2
2021-04-02 18:48:29 UTC,12161813,0x7228fac31e3ffded7667a48d0fe3736132bafbcfe1401d38e42c18ac547f584e,2809232230273871247117,2703381900397936755,0xf956cdc8f43637f34f4be368fa1cb7da01d622be,0x803d4d168976f40d1f5b561bc831effa8289e732,0x626e8036deb333b408be468f951bdb42433cbf18,0xc02aaa39b223fe8d0a0e5c4f27ead9083c756cc2
2021-04-02 19:36:59 UTC,12162028,0xfd6176cf9a5e586990c5a02a71031fb6234c0be6ef3051102b0d6899864ec49d,397325457650753208032,378024407572253577,0xf956cdc8f43637f34f4be368fa1cb7da01d622be,0x803d4d168976f40d1f5b561bc831effa8289e732,0x626e8036deb333b408be468f951bdb42433cbf18,0xc02aaa39b223fe8d0a0e5c4f27ead9083c756cc2
2021-05-14 01:51:26 UTC,12429697,0x0849951a53fe9f7358f6e51396816d549315b42e2ec7336231434f7426f3e13c,1592930244791240732645,346850054533484085,0xf956cdc8f43637f34f4be368fa1cb7da01d622be,0x6caa5c6b9b690879bb229e6b19cb2b755c4efe5b,0x626e8036deb333b408be468f951bdb42433cbf18,0xc02aaa39b223fe8d0a0e5c4f27ead9083c756cc2
2021-04-13 18:35:16 UTC,12233388,0x33d6952a6793584ec7c963e3a413e69685d7a9282e1f46704e6a13a23dafa98d,3074968573216351405076,2144295359996024692,0xf956cdc8f43637f34f4be368fa1cb7da01d622be,0x803d4d168976f40d1f5b561bc831effa8289e732,0x626e8036deb333b408be468f951bdb42433cbf18,0xc02aaa39b223fe8d0a0e5c4f27ead9083c756cc2
2021-05-04 00:38:36 UTC,12364542,0x738c6da1c44037e4bb46991b35e3216ae2cfb4b560957c4af00f2189f4bfead2,1931054683754123126876,875645452049824877,0xfe903a12359496b932e24c5e9b78f1b9060a6342,0xe690341e50dce63c764ce7e0a6e923349d77ae2f,0x8b39b70e39aa811b69365398e0aace9bee238aeb,0xc02aaa39b223fe8d0a0e5c4f27ead9083c756cc2
2021-03-29 14:47:50 UTC,12134780,0x78a14fd8476b7170339b8d17f991dd9a6cf39ab1f5fc7171be4a893aa55757b2,5037940039633008374252,4794835860849406664,0xfe903a12359496b932e24c5e9b78f1b9060a6342,0x16c731c75a743a1b487b7914ef44b2f415707a5f,0x8b39b70e39aa811b69365398e0aace9bee238aeb,0xc02aaa39b223fe8d0a0e5c4f27ead9083c756cc2
2021-04-02 18:54:33 UTC,12161839,0x9cedac40f30b7d13c53a8c4e5c76faf1528ea17367cfc0d31d8cba1b4600181b,4408894097325999546435,3775654950129159971,0xfe903a12359496b932e24c5e9b78f1b9060a6342,0x514e9525fa9681b651d6b83a57577de7f9ad8a9a,0x8b39b70e39aa811b69365398e0aace9bee238aeb,0xc02aaa39b223fe8d0a0e5c4f27ead9083c756cc2
2021-05-24 03:30:11 UTC,12494640,0xd23c2acad821fbb272a5db92565f5fde65e3620679fdcc3c23235616c06e1047,807362473721154862708,615518261436020188,0xffa98a091331df4600f87c9164cd27e8a5cd2405,0xe0fb7066fadf2e4dc586f4960afcc035fe1cab05,0x83e6f1e41cdd28eaceb20cb649155049fac3d5aa,0xc02aaa39b223fe8d0a0e5c4f27ead9083c756cc2
2021-03-29 19:43:24 UTC,12136100,0xe386c4b9e0ecbdcab6179d2047be1bf62159d196106a2b8a47cf46966645095e,673567487513128154177,1481575599619135945,0xffa98a091331df4600f87c9164cd27e8a5cd2405,0x803d4d168976f40d1f5b561bc831effa8289e732,0x83e6f1e41cdd28eaceb20cb649155049fac3d5aa,0xc02aaa39b223fe8d0a0e5c4f27ead9083c756cc2
2021-03-11 18:21:50 UTC,12018861,0x630c4efca3d3830005418d239061802aac3b5d140dd3e4f0e34454d5d7c32a23,422070989675077465275,940494314364106953,0xffa98a091331df4600f87c9164cd27e8a5cd2405,0xbdc5edc5177742595883be51996b8d791e6ff8e4,0x83e6f1e41cdd28eaceb20cb649155049fac3d5aa,0xc02aaa39b223fe8d0a0e5c4f27ead9083c756cc2
2021-04-22 15:07:53 UTC,12290757,0x093df0ad2708a67e56c27b5d454a1def3778a03a9bbb664949c09cd810988826,2058475258402331141880,2326685242998540447,0xffa98a091331df4600f87c9164cd27e8a5cd2405,0x094a9009fe93a85658e4b49604fd8177620f8cd8,0x83e6f1e41cdd28eaceb20cb649155049fac3d5aa,0xc02aaa39b223fe8d0a0e5c4f27ead9083c756cc2
2021-04-23 19:20:22 UTC,12298351,0x17a6d9b00b1fa23b7472e3085b2e7c9a3013928692f4b45c5ab2d5a12944a999,503413380359802691,426905357409643193544,0x797e1dc0738f2f047d7e0dd185e41a35f87c5618,0x83334ef0c6f6396413c508a7762741e9fd8b20e9,0xc02aaa39b223fe8d0a0e5c4f27ead9083c756cc2,0xc52c326331e9ce41f04484d3b5e5648158028804
2021-04-20 13:06:01 UTC,12277178,0xa5aaa178c860d1fa154ba9ad4b5fe37e9e2ceab5efe58697860d4bcbc6dae8ff,2110353816079179611,4117035238786711101891,0x7ce01885a13c652241ae02ea7369ee8d466802eb,0x4754906bc6f580e821c6975822eb7c123a0ce578,0xc02aaa39b223fe8d0a0e5c4f27ead9083c756cc2,0xc7283b66eb1eb5fb86327f08e1b5816b0720212b
2021-04-29 05:41:07 UTC,12333550,0xf9b3257eb67b13f7ceab5005aa3dfdfa4eee4df68b27bf0eccbfd5b416164498,758126038638674943,1571470485174913450195,0x7ce01885a13c652241ae02ea7369ee8d466802eb,0xbd855a0c8066ed7ad4892787b421c25e6e0902f6,0xc02aaa39b223fe8d0a0e5c4f27ead9083c756cc2,0xc7283b66eb1eb5fb86327f08e1b5816b0720212b
2021-04-22 15:14:00 UTC,12290785,0x6c6b040b36faca1e9d228c63c28e038cdb382169532465416abf3f9b95bfaedd,6380288826189422474,11304862422460974550456,0x7ce01885a13c652241ae02ea7369ee8d466802eb,0x094a9009fe93a85658e4b49604fd8177620f8cd8,0xc02aaa39b223fe8d0a0e5c4f27ead9083c756cc2,0xc7283b66eb1eb5fb86327f08e1b5816b0720212b
2021-05-18 06:57:31 UTC,12456905,0x71adb01cf1dedc2c4dac57f1f1b1b06d841e6e3335623b7b26ca9008a56aec7a,1085836241395313694,2552579144576418213950,0x7ce01885a13c652241ae02ea7369ee8d466802eb,0xb489d3a64835df17e1e2c9f5639c39964bbea724,0xc02aaa39b223fe8d0a0e5c4f27ead9083c756cc2,0xc7283b66eb1eb5fb86327f08e1b5816b0720212b
2021-04-03 21:03:38 UTC,12168924,0xc4f579f461ce168295139b5a505212190bacd9e14c0a667bf76dc3ec3c88fb4e,449582379883275072,6738471990695990093354,0x06ad23978f67ae8cc76c54b74993b31a816bac2b,0xe77323d086d6d10e1c5407fb4fcaafbd3a40032a,0xc02aaa39b223fe8d0a0e5c4f27ead9083c756cc2,0xc834fa996fa3bec7aad3693af486ae53d8aa8b50
2021-03-27 23:38:29 UTC,12124173,0x4d1ecd12e279bd2d9a71a6fa21aeb1acc00ee94fd0858e18c5c7c079f9265e40,662096387171986571,5665315088374573217860,0x06ad23978f67ae8cc76c54b74993b31a816bac2b,0x7adc457434e8c57737ad2ace768a863865f2aabc,0xc02aaa39b223fe8d0a0e5c4f27ead9083c756cc2,0xc834fa996fa3bec7aad3693af486ae53d8aa8b50
2021-03-26 03:05:47 UTC,12112072,0x83384d385fd1968a9d746c3889cb6ea36fff5b1fd478ee279015784eded29a82,329156153746052579,3371153730256194194145,0x06ad23978f67ae8cc76c54b74993b31a816bac2b,0x803d4d168976f40d1f5b561bc831effa8289e732,0xc02aaa39b223fe8d0a0e5c4f27ead9083c756cc2,0xc834fa996fa3bec7aad3693af486ae53d8aa8b50
2021-04-02 22:03:53 UTC,12162727,0xe56d84e72298ad8f764eb9345ef945335bb2cab99f99bcae1ec4932ef7305adc,20246581044257288794,298885457798832037905727,0x06ad23978f67ae8cc76c54b74993b31a816bac2b,0x3f8168e1618f9a3c43a90e1bbb1ddae42ccc69fc,0xc02aaa39b223fe8d0a0e5c4f27ead9083c756cc2,0xc834fa996fa3bec7aad3693af486ae53d8aa8b50
2021-03-25 18:38:14 UTC,12109763,0xc21057105890a8bcf6d2e92a40580f901d40e5b75d7297be6ff20164270cadca,2533065773353369244,34733577853819921315794,0x06ad23978f67ae8cc76c54b74993b31a816bac2b,0x803d4d168976f40d1f5b561bc831effa8289e732,0xc02aaa39b223fe8d0a0e5c4f27ead9083c756cc2,0xc834fa996fa3bec7aad3693af486ae53d8aa8b50
2021-04-06 12:52:06 UTC,12186276,0x5cbc18e36852fce36743cdb1c65f9a00072c30990183e3df286bbc0d797dabd8,215907761148587827,22155764716678146822877,0x51c1d5cdf10dda49219054920c22c8d4a23eed89,0x787b4b7ffef8eddad54f311039acf4c36fec9593,0xc02aaa39b223fe8d0a0e5c4f27ead9083c756cc2,0xcf3c8be2e2c42331da80ef210e9b1b307c03d36a
2021-03-31 21:59:25 UTC,12149721,0xb70cfe9e7cf735e31117ee425690abfb0d5398543adc6797295aaa3ab5633caa,437581723946978114,379354877895117743624,0x05f04f112a286c4c551897fb19ed2300272656c8,0x83334ef0c6f6396413c508a7762741e9fd8b20e9,0xc02aaa39b223fe8d0a0e5c4f27ead9083c756cc2,0xd478161c952357f05f0292b56012cd8457f1cfbf
2021-04-30 13:26:36 UTC,12342085,0x4f57f431fb81c4d3462e36f34fe0f9bd3c3f50d9c4503a0d1c8adef51c7166ce,4257461407273,616461641240619,0xf58d2bacbc68c587730ea0ce5131f6ae7c622a5d,0x787b4b7ffef8eddad54f311039acf4c36fec9593,0xc02aaa39b223fe8d0a0e5c4f27ead9083c756cc2,0xd6cb2adf47655b1babddc214d79257348cbc39a7
2021-04-23 21:50:24 UTC,12299015,0x7aef09d5cc09c61b851e064b20dfe35ff9f1d1bea571bf93e6e8e85a8f903b1d,438604864775674260,1522777729230593513520,0xa886576fed10723401386697aadf777e1d4bca05,0x83334ef0c6f6396413c508a7762741e9fd8b20e9,0xc02aaa39b223fe8d0a0e5c4f27ead9083c756cc2,0xd9b312d77bc7bed9b9cecb56636300bed4fe5ce9
2021-05-20 22:16:31 UTC,12473920,0x0597a12c3f3c1a18369156058e7bab0ee4862f7cc65bdae619835084de7301ba,245468760125684080,2125950514651996329609,0xa886576fed10723401386697aadf777e1d4bca05,0xefd031f59aa89cadb722ed2076d39877c3b512ae,0xc02aaa39b223fe8d0a0e5c4f27ead9083c756cc2,0xd9b312d77bc7bed9b9cecb56636300bed4fe5ce9
2021-05-05 19:31:10 UTC,12376136,0xbdadddf2549cb9c58873787176b1e309ec31994e3688ce26c783e875a2a03603,12293458316313545520,42288278161,0x0d4a11d5eeaac28ec3f61d100daf4d40471f1852,0x4824dc193dca8fe6c0bad6dabbc7385acff10e53,0xc02aaa39b223fe8d0a0e5c4f27ead9083c756cc2,0xdac17f958d2ee523a2206206994597c13d831ec7
2021-05-18 01:52:43 UTC,12455523,0xc96d7dd4333816bdaa804d2427a453e7b7a10fa220b5414498894d2060edd9be,56328468540733795,190796825,0x0d4a11d5eeaac28ec3f61d100daf4d40471f1852,0x2d8eac24e31e260ced8e2a115fffe5542584ee47,0xc02aaa39b223fe8d0a0e5c4f27ead9083c756cc2,0xdac17f958d2ee523a2206206994597c13d831ec7
2021-04-26 16:16:16 UTC,12317001,0xa750e8c898e83b20027f4cc682a21723b03c88e8884fe5d6f868a980ff10ede6,463437630794992037,4427981678947779130769020899,0x5d2c95651e0ee953b9abd8ec47ce2a165c852ae9,0x83334ef0c6f6396413c508a7762741e9fd8b20e9,0xc02aaa39b223fe8d0a0e5c4f27ead9083c756cc2,0xe09fb60e8d6e7e1cebbe821bd5c3fc67a40f86bf
2021-04-27 18:52:23 UTC,12324170,0x6ce093ce82e50c328121051cfa233b92f4a15fc7f5fb74eddcd37cb3bbcf41ec,350412103987318846,6784579928409933121265799193,0x5d2c95651e0ee953b9abd8ec47ce2a165c852ae9,0x83334ef0c6f6396413c508a7762741e9fd8b20e9,0xc02aaa39b223fe8d0a0e5c4f27ead9083c756cc2,0xe09fb60e8d6e7e1cebbe821bd5c3fc67a40f86bf
2021-04-23 04:25:22 UTC,12294289,0x7e017f5191c71ffb9e6049c161c6ec75382411f295ee3b2ea3fad98f624ae3eb,229031856908887205,2384428210935243567997690242,0x5d2c95651e0ee953b9abd8ec47ce2a165c852ae9,0x5c389ac09711415d861cf88e4f4235a223180977,0xc02aaa39b223fe8d0a0e5c4f27ead9083c756cc2,0xe09fb60e8d6e7e1cebbe821bd5c3fc67a40f86bf
2021-04-15 21:04:53 UTC,12247011,0x719e854c6ff4b82eeafb06b0cdf9ddf470e41118dfb03de50df0d6094c839782,1681455650182866619,2364813212925326845934,0x213b02e31fd17d631e1d7207ce5957552990008a,0x803d4d168976f40d1f5b561bc831effa8289e732,0xc02aaa39b223fe8d0a0e5c4f27ead9083c756cc2,0xe0b9a2c3e9f40cf74b2c7f591b2b0cca055c3112
2021-04-28 06:59:23 UTC,12327423,0x63cf0b736dae070ce63434a66542825f8a56dd774f532b92f0257837339820cb,4132912139024474775,3233632695392208476919,0x1fbf001792e8cc747a5cb4aedf8c26b7421147e7,0xee1f07f88934c2811e3dcabdf438d975c3d62cd3,0xc02aaa39b223fe8d0a0e5c4f27ead9083c756cc2,0xe0e05c43c097b0982db6c9d626c4eb9e95c3b9ce
2021-03-28 01:48:56 UTC,12124755,0x0bb73e89270d51d3fdfee4003f4aaf0f50259f12d60d84dabf4191cf18ed1d9d,244168492898934821,43526471083540609923,0x187094a90a0fc1f0cf51ef408cf88338a456561b,0x6cf51fdef74d02296017a1129086ee9c3477dc01,0xc02aaa39b223fe8d0a0e5c4f27ead9083c756cc2,0xe796d6ca1ceb1b022ece5296226bf784110031cd
2021-04-13 00:48:19 UTC,12228589,0x7c8053bde2afb40499ecbb78f63cdc5d94f9c13245a51ad07b1e3e0e18c9ce6c,2604181616794164934,22580380333400256130,0x15ab0333985fd1e289adf4fbbe19261454776642,0x6e961dc655153d651490a44b178647ad6ff0df5a,0xc02aaa39b223fe8d0a0e5c4f27ead9083c756cc2,0xec67005c4e498ec7f55e092bd1d35cbc47c91892
2021-04-17 13:51:22 UTC,12258001,0xc5dd91a8fcae96e31679bb80cf5066637048974a31f789e3d193a58bfed464aa,964732778421818530,697165506514912455352,0xaf31fd9c3b0350424bf96e551d2d1264d8466205,0x0e04cab2146752790f9d4a7d68806d0531f967ca,0xc02aaa39b223fe8d0a0e5c4f27ead9083c756cc2,0xf418588522d5dd018b425e472991e52ebbeeeeee
2021-04-19 14:58:00 UTC,12271190,0x624646bccb61b9eece19f7b8b46226ba6590f2832732ca86625330f6b40276bc,1790173027811963666,461587349583171096063,0x24b24af104c961da1ba5bccce4410d49aa558477,0x4754906bc6f580e821c6975822eb7c123a0ce578,0xc02aaa39b223fe8d0a0e5c4f27ead9083c756cc2,0xf5d669627376ebd411e34b98f19c868c8aba5ada
2021-04-21 13:30:54 UTC,12283824,0x6bc6f9bb3f0e6ef46f73c52212491862440915f01047eabbb129810b9431caa0,1519045578996508530,410106997587018194599,0x24b24af104c961da1ba5bccce4410d49aa558477,0xeb79561a4ccd197941b40fc6625ffe3b47920f08,0xc02aaa39b223fe8d0a0e5c4f27ead9083c756cc2,0xf5d669627376ebd411e34b98f19c868c8aba5ada
